archetype,repeat,hands,correct,confidence,posterior_true
nit,0,5,False,0.13523087129866074,0.23475894137189843
nit,0,10,False,0.13864027058569817,0.23674648967800277
nit,0,25,True,0.2368405253001542,0.3959502735245225
nit,0,50,True,0.6183211320928289,0.7692322354335012
nit,0,100,True,0.991949400972544,0.9982497887820466
nit,0,200,True,0.9998542071821372,0.9999788148361842
nit,0,400,True,0.9999999992279355,0.9999999999439966
nit,0,800,True,1.0,1.0
nit,1,5,False,0.15673406606618467,0.05095294621448179
nit,1,10,False,0.14859080006359504,0.09059478106605062
nit,1,25,True,0.2903095274775346,0.4361878024708915
nit,1,50,False,0.4694314878389787,0.22972701308574495
nit,1,100,True,0.9228107153502577,0.9731115083670568
nit,1,200,True,0.9981387908008001,0.9996284928099484
nit,1,400,True,0.9999999973584413,0.9999999997970255
nit,1,800,True,1.0,1.0
nit,2,5,False,0.0313823276359686,0.13811670987856176
nit,2,10,True,0.11037714668471232,0.273864228417045
nit,2,25,False,0.21005704907612843,0.32227572535503235
nit,2,50,False,0.22722207653275162,0.24291700018919435
nit,2,100,False,0.6405591091847411,0.278137190197782
nit,2,200,True,0.9999744081452719,0.9999968373507168
nit,2,400,True,0.9999999999941335,0.9999999999996505
nit,2,800,True,1.0,1.0
nit,3,5,False,0.4767614008206251,0.13780669820622177
nit,3,10,False,0.30195930115906444,0.2883813615698095
nit,3,25,True,0.6579207367451096,0.8422551998234157
nit,3,50,True,0.9060093817823489,0.9690698455970961
nit,3,100,True,0.9847262677370588,0.9957716341701836
nit,3,200,True,0.9997170670904312,0.9999538449554756
nit,3,400,True,0.9999999997000191,0.9999999999789928
nit,3,800,True,1.0,1.0
nit,4,5,True,0.2070787953562847,0.4561321139125896
nit,4,10,False,0.20834790014236004,0.27269870541676394
nit,4,25,False,0.4687456894798748,0.14305498935600736
nit,4,50,True,0.4226128148317617,0.46414208770106935
nit,4,100,True,0.8823123805192263,0.9537742001270875
nit,4,200,True,0.9999436794147505,0.9999920862716244
nit,4,400,True,0.9999999998768775,0.9999999999916898
nit,4,800,True,0.9999999999999998,1.0
nit,5,5,True,0.14737529541580685,0.392307823547143
nit,5,10,True,0.4439010573703901,0.6270055310815793
nit,5,25,False,0.47450708199639335,0.2133944319873529
nit,5,50,False,0.5326047922540318,0.4595342700428183
nit,5,100,True,0.9148653155378704,0.9657452372449021
nit,5,200,True,0.9983225855289238,0.9996662492865155
nit,5,400,True,0.9999999999539559,0.999999999997004
nit,5,800,True,1.0,1.0
nit,6,5,True,0.04816830229052471,0.2629731514705077
nit,6,10,True,0.11765257357772096,0.3398619118412471
nit,6,25,True,0.3821850632084387,0.635553764773448
nit,6,50,True,0.9071580706915585,0.9669699871425652
nit,6,100,True,0.9715847671726883,0.9926645979540355
nit,6,200,True,0.9999695344492006,0.9999959858732828
nit,6,400,True,0.9999999981653402,0.9999999998613258
nit,6,800,True,0.9999999999999997,1.0
nit,7,5,False,0.2062927752651028,0.30313356179006906
nit,7,10,True,0.18011552215183202,0.39718948707838003
nit,7,25,True,0.5587216553764376,0.658371704207172
nit,7,50,True,0.8236770255320384,0.9328439779772831
nit,7,100,True,0.8854928300823999,0.9477853829797527
nit,7,200,True,0.9995078366921221,0.9999149953645576
nit,7,400,True,0.9999999998420461,0.9999999999892353
nit,7,800,True,1.0,1.0
nit,8,5,True,0.06617162276180577,0.27478397106474356
nit,8,10,False,0.12982216470170094,0.26761620242164624
nit,8,25,True,0.32961510882737177,0.5698070429554773
nit,8,50,False,0.5506726936053978,0.28008303433710113
nit,8,100,True,0.608533774313014,0.5451713005850728
nit,8,200,True,0.9994636788177418,0.9999111160987061
nit,8,400,True,0.999999999993731,0.999999999999621
nit,8,800,True,1.0,1.0
nit,9,5,True,0.1421721363087327,0.33420946578088917
nit,9,10,True,0.27016196588385855,0.4005651000928038
nit,9,25,True,0.3107670438546877,0.37363942226297464
nit,9,50,False,0.5789657756487674,0.3915612014060911
nit,9,100,True,0.9381935554977772,0.9775108748867981
nit,9,200,True,0.9999956945830293,0.9999995203541436
nit,9,400,True,0.999999999996853,0.9999999999998166
nit,9,800,True,1.0,1.0
nit,10,5,True,0.08892980305359866,0.26789670828602236
nit,10,10,False,0.46513996871921137,0.20953342920167764
nit,10,25,False,0.1851982364224355,0.29593705796862535
nit,10,50,False,0.3795522338232661,0.3620139926453459
nit,10,100,True,0.8386076425006084,0.9241616538756818
nit,10,200,True,0.9998774195173423,0.9999819811252867
nit,10,400,True,0.9999999999004343,0.9999999999933267
nit,10,800,True,1.0,1.0
nit,11,5,False,0.22768388720662225,0.3609356202757157
nit,11,10,False,0.3145411264086546,0.3196172186988691
nit,11,25,True,0.35489981904826307,0.4878493601528172
nit,11,50,True,0.6862336158899054,0.8155311291977673
nit,11,100,True,0.9160731856881842,0.9665409686806227
nit,11,200,True,0.9996588974210834,0.999943507180098
nit,11,400,True,0.9999999997009772,0.9999999999790736
nit,11,800,True,1.0,1.0
nit,12,5,True,0.04703513028243078,0.2569338693912546
nit,12,10,True,0.2654231185990751,0.5108490725399397
nit,12,25,True,0.6735093741549524,0.8480185689659756
nit,12,50,True,0.5517534929466253,0.6596769166083909
nit,12,100,True,0.9047761938543287,0.9685098970579983
nit,12,200,True,0.9999781877008529,0.9999973239547705
nit,12,400,True,0.9999999999731867,0.999999999998334
nit,12,800,True,1.0,1.0
nit,13,5,False,0.21226914286456477,0.3502258351988867
nit,13,10,True,0.24851460781216428,0.3867867086409614
nit,13,25,True,0.47769912290735483,0.5968691798256015
nit,13,50,True,0.8309329177219864,0.933984496914107
nit,13,100,True,0.9843661567166162,0.9958427184525346
nit,13,200,True,0.9999851476651928,0.99999814745498
nit,13,400,True,0.9999999999432644,0.9999999999962788
nit,13,800,True,1.0,1.0
nit,14,5,False,0.23953224251231875,0.32640030188650937
nit,14,10,False,0.34850603630823496,0.33895650327833415
nit,14,25,False,0.6938772529041115,0.18656835037008868
nit,14,50,False,0.8048246790603574,0.10524649837765632
nit,14,100,False,0.6448167560882967,0.3060554412844787
nit,14,200,True,0.9221116702596411,0.9686087948317901
nit,14,400,True,0.9999999997539372,0.9999999999829399
nit,14,800,True,1.0,1.0
nit,15,5,True,0.16810155308026276,0.2876212639462064
nit,15,10,True,0.37668415900022667,0.4729721035524599
nit,15,25,False,0.42698492473886585,0.3320634573317146
nit,15,50,False,0.4613952170661184,0.17392185338914862
nit,15,100,True,0.7406455011340131,0.82451800736967
nit,15,200,True,0.9992234083589518,0.999859002378377
nit,15,400,True,0.9999999997880106,0.999999999985405
nit,15,800,True,1.0,1.0
nit,16,5,True,0.16960004569430143,0.40438404810448886
nit,16,10,True,0.20060211661463967,0.4040466772672072
nit,16,25,True,0.6110419729474694,0.6369636741176747
nit,16,50,True,0.8049406790769262,0.8905873320524417
nit,16,100,True,0.9092514628677968,0.9616731897349655
nit,16,200,True,0.9999946978285679,0.9999993788963714
nit,16,400,True,0.9999999999933274,0.9999999999995952
nit,16,800,True,1.0,1.0
nit,17,5,False,0.21745373249440592,0.2587095582062077
nit,17,10,True,0.1561356177213521,0.3806343300733806
nit,17,25,True,0.66211508557726,0.8422276398309743
nit,17,50,True,0.8152027519403128,0.9072019340998438
nit,17,100,True,0.9984385194659692,0.9997100288618972
nit,17,200,True,0.9975844347945424,0.9994963453088046
nit,17,400,True,0.9999999999755095,0.9999999999984435
nit,17,800,True,1.0,1.0
nit,18,5,True,0.09634726073295208,0.2761711890050311
nit,18,10,True,0.15458112402906954,0.3940776432405723
nit,18,25,True,0.42445728607388533,0.6638324531007622
nit,18,50,True,0.8915609427032575,0.9580469271857094
nit,18,100,True,0.9916129279574399,0.9979037240973325
nit,18,200,True,0.9999949287581646,0.9999994078950583
nit,18,400,True,0.9999999999981694,0.9999999999998939
nit,18,800,True,1.0,1.0
nit,19,5,False,0.20241346781152403,0.04775194770293592
nit,19,10,False,0.27722397510234353,0.058934660520154065
nit,19,25,True,0.3774790391343297,0.5280476434763086
nit,19,50,True,0.8619276238684115,0.9447212273964742
nit,19,100,True,0.9899998456917068,0.997574232159446
nit,19,200,True,0.9999969764579941,0.9999996605244867
nit,19,400,True,0.9999999999547846,0.9999999999970597
nit,19,800,True,1.0,1.0
nit,20,5,True,0.1548687900358141,0.3615210062488759
nit,20,10,True,0.14632214694890933,0.3793771937021673
nit,20,25,True,0.6771310588370376,0.8198510070217346
nit,20,50,True,0.7745203744903877,0.868173298504725
nit,20,100,True,0.9923918006681535,0.9981566335627263
nit,20,200,True,0.9023224517715969,0.9577556990583436
nit,20,400,True,0.9999999949259174,0.9999999995983495
nit,20,800,True,1.0,1.0
nit,21,5,False,0.09492089512524982,0.14131150589676522
nit,21,10,True,0.20259679145300058,0.42877517040225704
nit,21,25,True,0.39426488787512215,0.6201231506996912
nit,21,50,True,0.9240785465724699,0.972979562414283
nit,21,100,True,0.9972181173024414,0.9994110278799319
nit,21,200,True,0.999993950040203,0.9999992845782097
nit,21,400,True,0.9999999999934368,0.9999999999996023
nit,21,800,True,1.0,1.0
nit,22,5,True,0.1360079832143415,0.386441027155229
nit,22,10,True,0.29451730768093387,0.5394283168385651
nit,22,25,True,0.5750156723659152,0.6186797346489152
nit,22,50,True,0.9302504504068942,0.9767536259388655
nit,22,100,True,0.8821728662739576,0.9522012502343782
nit,22,200,True,0.9287437317540095,0.972199921592037
nit,22,400,True,0.9999999699735252,0.9999999974107747
nit,22,800,True,1.0,1.0
nit,23,5,False,0.21171408930867475,0.32422924317677665
nit,23,10,True,0.2550329987155582,0.4579903590933179
nit,23,25,True,0.3280595564338771,0.4736613057948488
nit,23,50,True,0.7160773516545129,0.859266036568497
nit,23,100,True,0.9846129292077765,0.9957921730449534
nit,23,200,True,0.9999917763398285,0.9999990072595121
nit,23,400,True,0.9999999999833943,0.9999999999989593
nit,23,800,True,1.0,1.0
nit,24,5,True,0.11795623082142237,0.3199428104512242
nit,24,10,False,0.49240925702667804,0.18408087158929076
nit,24,25,True,0.44710885563819713,0.4582709228432104
nit,24,50,False,0.5797959978516971,0.29020485501852755
nit,24,100,True,0.9895890163483481,0.9973468494443963
nit,24,200,True,0.999984071548326,0.9999979910605381
nit,24,400,True,0.999999999662116,0.9999999999762241
nit,24,800,True,1.0,1.0
nit,25,5,False,0.15023069984871817,0.03391300836849902
nit,25,10,False,0.09918646231239658,0.0643953791780232
nit,25,25,False,0.1750298015129914,0.2632400189514028
nit,25,50,False,0.7542276872219753,0.06488303613287409
nit,25,100,True,0.7949414898153446,0.9048359323677356
nit,25,200,True,0.9603543012619221,0.9884049899809381
nit,25,400,True,0.9999997167326425,0.9999999724722038
nit,25,800,True,1.0,1.0
nit,26,5,True,0.16493231241093131,0.3554901163968863
nit,26,10,True,0.5085816435842352,0.730002909554106
nit,26,25,True,0.7441522187604693,0.8538310317119384
nit,26,50,True,0.9687544712537017,0.990405857220894
nit,26,100,True,0.9976811163171742,0.9995317303798583
nit,26,200,True,0.9999998756121934,0.9999999887280052
nit,26,400,True,0.9999999999997262,0.9999999999999851
nit,26,800,True,1.0,1.0
nit,27,5,False,0.18360471420480695,0.1946711471496277
nit,27,10,False,0.24269722265413662,0.16122330971006565
nit,27,25,False,0.2604985656283204,0.17942484080901386
nit,27,50,False,0.526964565030166,0.4213590941297123
nit,27,100,False,0.6274591550344524,0.38499512955089166
nit,27,200,True,0.9996366204600384,0.9999435110077973
nit,27,400,True,0.9999999985453016,0.9999999998911908
nit,27,800,True,1.0,1.0
nit,28,5,True,0.23355509363436266,0.3792742718487618
nit,28,10,False,0.3462321895090118,0.3903237047863841
nit,28,25,True,0.5622610259466732,0.6207335869272019
nit,28,50,True,0.8763400051408318,0.952536214024142
nit,28,100,True,0.9960931506575129,0.999211468736734
nit,28,200,True,0.9998919202470854,0.9999849703214863
nit,28,400,True,0.9999999736729517,0.9999999977458345
nit,28,800,True,1.0,1.0
nit,29,5,True,0.11660599588302767,0.30291401765163495
nit,29,10,True,0.24527013083894111,0.42900946886089525
nit,29,25,True,0.6630901468390535,0.8467948863028631
nit,29,50,True,0.9444870133107588,0.9808645894368726
nit,29,100,True,0.9904487601850656,0.9975784213152168
nit,29,200,True,0.9999771316178049,0.9999970139666594
nit,29,400,True,0.9999999999976086,0.9999999999998599
nit,29,800,True,1.0,1.0
nit,30,5,True,0.12727303178680216,0.3324741154890623
nit,30,10,False,0.2948957166196525,0.20901387077878134
nit,30,25,False,0.3954915135095579,0.34971999088012123
nit,30,50,True,0.6175146391359952,0.7090674479805851
nit,30,100,True,0.6514713316994609,0.8101898299580802
nit,30,200,True,0.9969684967628899,0.9993732016992251
nit,30,400,True,0.9999999942777226,0.999999999544533
nit,30,800,True,1.0,1.0
nit,31,5,False,0.1746826496439874,0.058985815416940486
nit,31,10,False,0.3633440947030505,0.011096340217458216
nit,31,25,False,0.5729412057016317,0.020323584448255147
nit,31,50,False,0.45309361540707405,0.43609132126947464
nit,31,100,True,0.9763570292951143,0.9929332188623752
nit,31,200,True,0.9999946144514682,0.9999993845924106
nit,31,400,True,0.9999999999719532,0.9999999999982134
nit,31,800,True,1.0,1.0
nit,32,5,True,0.10676701824260992,0.33796978618983065
nit,32,10,True,0.17376361122428063,0.43074812111255806
nit,32,25,True,0.538379455388298,0.5953764511915963
nit,32,50,True,0.9149848008044098,0.9688138790259978
nit,32,100,True,0.977713917185792,0.993406415741804
nit,32,200,True,0.999942545560755,0.9999919102377852
nit,32,400,True,0.9999999999920731,0.9999999999995162
nit,32,800,True,1.0,1.0
nit,33,5,True,0.10826589174221124,0.35018123005780366
nit,33,10,True,0.2512090612360578,0.5033355500085
nit,33,25,True,0.831014790821462,0.9353814193419637
nit,33,50,True,0.9794383224051595,0.9944362959794417
nit,33,100,True,0.9963820147886672,0.9992531568576828
nit,33,200,True,0.9999835046575278,0.9999979489155532
nit,33,400,True,0.9999999999979622,0.9999999999998812
nit,33,800,True,1.0,1.0
nit,34,5,False,0.18149095592623188,0.22119764981009954
nit,34,10,False,0.5066081567294731,0.17282892771665972
nit,34,25,True,0.4864489954120872,0.6140025222186942
nit,34,50,True,0.8882277659399764,0.9546260155404204
nit,34,100,True,0.9969523735850044,0.9993612452282582
nit,34,200,True,0.9999977498275043,0.999999756065963
nit,34,400,True,0.9999999999997401,0.9999999999999858
nit,34,800,True,1.0,1.0
nit,35,5,True,0.2212968977508306,0.36039988091405994
nit,35,10,False,0.4888664673252232,0.44426286578564417
nit,35,25,True,0.8265445365269066,0.9168916586135438
nit,35,50,True,0.8828819615417806,0.9556447257868862
nit,35,100,True,0.937612121203821,0.9764776111017411
nit,35,200,True,0.9997098969878729,0.9999543358025873
nit,35,400,True,0.9999999914828963,0.9999999993092914
nit,35,800,True,1.0,1.0
nit,36,5,False,0.05135100676199533,0.1942502412335342
nit,36,10,False,0.2918761765360045,0.045650363572550035
nit,36,25,True,0.2179278956145454,0.3591573734539572
nit,36,50,True,0.6581051299129764,0.8435574806399289
nit,36,100,True,0.9697085240541997,0.9907392364963087
nit,36,200,True,0.9999709318569306,0.9999961781957348
nit,36,400,True,0.9999999999933182,0.9999999999996012
nit,36,800,True,1.0,1.0
nit,37,5,False,0.2751294147140395,0.033268673389516765
nit,37,10,False,0.2070966876478928,0.2826928883669716
nit,37,25,False,0.4167633881012951,0.12296305946495195
nit,37,50,True,0.3942017237878567,0.48969301097885676
nit,37,100,True,0.9552262497503679,0.9869549173446099
nit,37,200,True,0.9999991486413158,0.9999999134828982
nit,37,400,True,0.9999999999879987,0.999999999999257
nit,37,800,True,1.0,1.0
nit,38,5,True,0.15963291987835326,0.36662819733359275
nit,38,10,False,0.23754259968358749,0.34215060835679956
nit,38,25,True,0.5612235214610526,0.7359844272603542
nit,38,50,True,0.6939047534764912,0.8190080805218096
nit,38,100,True,0.9477338081637962,0.9811964532083948
nit,38,200,True,0.9999973662059466,0.9999997070071313
nit,38,400,True,0.9999999999973838,0.9999999999998463
nit,38,800,True,1.0,1.0
nit,39,5,True,0.176641211306804,0.3739175612355745
nit,39,10,False,0.24720127718905716,0.3382294148951807
nit,39,25,True,0.7720209461338667,0.891695913675858
nit,39,50,True,0.9551674727294,0.9867038916447469
nit,39,100,True,0.9626361925650053,0.9875757410184576
nit,39,200,True,0.9999875737859342,0.9999984538464292
nit,39,400,True,0.9999999999906078,0.9999999999994234
nit,39,800,True,1.0,1.0
nit,40,5,False,0.4110298247081843,0.09263569974975998
nit,40,10,True,0.24341956389556163,0.39364997569558646
nit,40,25,False,0.4309653028606185,0.12215185358059043
nit,40,50,True,0.5791051144354581,0.6135466354103815
nit,40,100,True,0.9908360038613804,0.9976878142664183
nit,40,200,True,0.9999997189570496,0.9999999729535999
nit,40,400,True,0.9999999999995988,0.9999999999999778
nit,40,800,True,1.0,1.0
nit,41,5,False,0.1843519696748872,0.06416126867860658
nit,41,10,False,0.19591155636101243,0.09542312832598533
nit,41,25,False,0.35982772205223745,0.3935185816791023
nit,41,50,True,0.6687597063235053,0.7440421386496037
nit,41,100,True,0.9987245000617926,0.9997741256604091
nit,41,200,True,0.9999997016348227,0.9999999714809226
nit,41,400,True,0.9999999999953301,0.9999999999997202
nit,41,800,True,1.0,1.0
nit,42,5,True,0.0600704556194962,0.25647281655304277
nit,42,10,False,0.16381644276886786,0.33002498181664547
nit,42,25,True,0.6928314733414792,0.8467772038876047
nit,42,50,True,0.8407165305989133,0.9268881062151939
nit,42,100,True,0.6725963161733277,0.7351352514955154
nit,42,200,True,0.9948736905619535,0.998818237178404
nit,42,400,True,0.9999999898361429,0.9999999991687467
nit,42,800,True,1.0,1.0
nit,43,5,True,0.08499090885890892,0.2645180874980731
nit,43,10,True,0.17911743637084687,0.3816267709196176
nit,43,25,False,0.32437259921813333,0.3284167250470589
nit,43,50,True,0.4309145376331476,0.605532749795895
nit,43,100,True,0.9746413787622742,0.9932633732095045
nit,43,200,True,0.9981679477743758,0.9996314290898857
nit,43,400,True,0.9999999954469418,0.999999999641388
nit,43,800,True,1.0,1.0
nit,44,5,False,0.175869305622964,0.321833946952803
nit,44,10,False,0.6238952156136068,0.14168428516136394
nit,44,25,False,0.6947361407899797,0.18718151731246052
nit,44,50,True,0.7667877467661613,0.8850465508744043
nit,44,100,True,0.9959210904708163,0.9992007479123194
nit,44,200,True,0.9999955763687749,0.9999994905618363
nit,44,400,True,0.9999999868577212,0.9999999989117745
nit,44,800,True,1.0,1.0
nit,45,5,False,0.05243958901077117,0.14646958374088215
nit,45,10,True,0.2408377747842665,0.38859390015938594
nit,45,25,True,0.7194792057654754,0.8662581047288775
nit,45,50,True,0.930974970987219,0.9756114243580429
nit,45,100,True,0.9997187314604792,0.9999559711962852
nit,45,200,True,0.997674776116778,0.9995176005039909
nit,45,400,True,0.9999998981739558,0.9999999906372338
nit,45,800,True,1.0,1.0
nit,46,5,False,0.23957203100868485,0.29838272462764037
nit,46,10,False,0.3380562509415693,0.37705766411954345
nit,46,25,True,0.5292122391213439,0.5606679096661161
nit,46,50,True,0.896133126276475,0.9581931560666519
nit,46,100,True,0.9766720894482012,0.993062202121469
nit,46,200,True,0.9994724104755114,0.9999081837086035
nit,46,400,True,0.9999999999713711,0.9999999999981699
nit,46,800,True,1.0,1.0
nit,47,5,False,0.39348330974230217,0.13026833402268562
nit,47,10,False,0.2988836854226665,0.1920912885066654
nit,47,25,False,0.43227459758416753,0.291257778111028
nit,47,50,True,0.6890461229579017,0.835847812783364
nit,47,100,True,0.9739405619894107,0.9931556047575525
nit,47,200,True,0.9999688448766182,0.9999958304284013
nit,47,400,True,0.9999999999967661,0.9999999999998086
nit,47,800,True,1.0,1.0
nit,48,5,True,0.18065615415686198,0.41794159155291133
nit,48,10,True,0.24927251310036902,0.4998805712646091
nit,48,25,True,0.483408078746033,0.7310486968732945
nit,48,50,True,0.8802548141911576,0.9584195047024908
nit,48,100,True,0.9754205332508811,0.9925454310327565
nit,48,200,True,0.9999828717084596,0.9999978130971027
nit,48,400,True,0.9999999995475571,0.9999999999677773
nit,48,800,True,1.0,1.0
nit,49,5,False,0.19789703047867013,0.227065949532696
nit,49,10,False,0.2726849990443878,0.3793771898096525
nit,49,25,True,0.32723774289304697,0.5039789921053188
nit,49,50,True,0.7501466599196546,0.8832095062779979
nit,49,100,True,0.9567926726391611,0.9861706027838143
nit,49,200,True,0.999863347234285,0.9999807334431957
nit,49,400,True,0.999999999792541,0.9999999999857272
nit,49,800,True,1.0,1.0
calling_station,0,5,True,0.27251372295264165,0.4450202056732084
calling_station,0,10,True,0.22356540400653246,0.4804500006108327
calling_station,0,25,True,0.913911861034435,0.9650378378417407
calling_station,0,50,True,0.9954487853394541,0.9989946153277509
calling_station,0,100,True,0.999999897273284,0.9999999906196394
calling_station,0,200,True,0.9999999999907868,0.9999999999994411
calling_station,0,400,True,1.0,1.0
calling_station,0,800,True,1.0,1.0
calling_station,1,5,True,0.22164695767372278,0.4737774164416865
calling_station,1,10,True,0.13513276069678692,0.34531928769167486
calling_station,1,25,True,0.6180911154290247,0.7571610622315271
calling_station,1,50,True,0.9590524479460893,0.9870239888877207
calling_station,1,100,True,0.9963902828483523,0.9992148034051712
calling_station,1,200,True,0.9999999991477558,0.9999999999397262
calling_station,1,400,True,1.0,1.0
calling_station,1,800,True,1.0,1.0
calling_station,2,5,False,0.22051044911266138,0.1750399424935645
calling_station,2,10,False,0.39671492484332427,0.18052387940439005
calling_station,2,25,True,0.6258574557075316,0.7342965334041369
calling_station,2,50,True,0.9536816697336643,0.9847785166917848
calling_station,2,100,True,0.9997966179883712,0.9999689463359535
calling_station,2,200,True,0.9999999965945238,0.9999999997427009
calling_station,2,400,True,0.9999999999999998,1.0
calling_station,2,800,True,1.0,1.0
calling_station,3,5,False,0.2376086765675378,0.3219063637310747
calling_station,3,10,True,0.5630452372259324,0.7848124172117091
calling_station,3,25,True,0.8427140376171901,0.9290291922026056
calling_station,3,50,True,0.9987030807040537,0.9997786962521321
calling_station,3,100,True,0.999999844611062,0.999999986152825
calling_station,3,200,True,0.9999999999939281,0.999999999999633
calling_station,3,400,True,1.0,1.0
calling_station,3,800,True,1.0,1.0
calling_station,4,5,True,0.26700861744228055,0.5554507890276088
calling_station,4,10,False,0.4842749186612444,0.29711020026107177
calling_station,4,25,True,0.8614349427592121,0.9474820331605774
calling_station,4,50,True,0.9890488544516801,0.9975414409844476
calling_station,4,100,True,0.9999729088668001,0.9999964425553625
calling_station,4,200,True,0.9999999990247859,0.9999999999282672
calling_station,4,400,True,1.0,1.0
calling_station,4,800,True,1.0,1.0
calling_station,5,5,True,0.1494112441829505,0.4066892995394983
calling_station,5,10,True,0.5427856794480029,0.6923779917067789
calling_station,5,25,True,0.7763338322845711,0.9117757577482645
calling_station,5,50,True,0.9345788294018503,0.9792301620376974
calling_station,5,100,True,0.9996592161839973,0.9999448853480215
calling_station,5,200,True,0.9999999892308129,0.9999999991170185
calling_station,5,400,True,1.0,1.0
calling_station,5,800,True,1.0,1.0
calling_station,6,5,False,0.046686043163163715,0.12111383642779572
calling_station,6,10,False,0.3119397955534544,0.05506035660051419
calling_station,6,25,False,0.5088851718273995,0.20785648921850042
calling_station,6,50,True,0.711340876010415,0.8066842608249768
calling_station,6,100,True,0.9678770049678361,0.9896608544670581
calling_station,6,200,True,0.9999999981963446,0.9999999998637352
calling_station,6,400,True,0.9999999999999998,1.0
calling_station,6,800,True,1.0,1.0
calling_station,7,5,True,0.10355520285642128,0.26045119981992165
calling_station,7,10,False,0.1712023490594483,0.1847410132132882
calling_station,7,25,True,0.22122891982704218,0.4765594947867834
calling_station,7,50,True,0.8687071648345986,0.9489908141631991
calling_station,7,100,True,0.9981960094905453,0.9996639030972434
calling_station,7,200,True,0.9999997943206806,0.9999999803519349
calling_station,7,400,True,0.9999999999999104,0.9999999999999951
calling_station,7,800,True,1.0,1.0
calling_station,8,5,False,0.0662881915519975,0.21234316632730632
calling_station,8,10,False,0.40686487021190276,0.3194341529035841
calling_station,8,25,False,0.4746397904264764,0.28395409746871064
calling_station,8,50,True,0.655488483066301,0.7071656764339472
calling_station,8,100,True,0.9993053666214183,0.9998812908000911
calling_station,8,200,True,0.9999980943690225,0.9999997916297222
calling_station,8,400,True,0.9999999999967594,0.9999999999998082
calling_station,8,800,True,1.0,1.0
calling_station,9,5,False,0.31426462048146553,0.23424275979955095
calling_station,9,10,True,0.20416416847436214,0.38842830089644953
calling_station,9,25,True,0.3198323701939513,0.5896367211323126
calling_station,9,50,True,0.6691346864490757,0.8049731795389153
calling_station,9,100,True,0.999919625141096,0.999989205704308
calling_station,9,200,True,0.999999999768007,0.9999999999839351
calling_station,9,400,True,1.0,1.0
calling_station,9,800,True,1.0,1.0
calling_station,10,5,True,0.15282974319462206,0.4048195985910305
calling_station,10,10,True,0.34044844378145833,0.6259401033394048
calling_station,10,25,True,0.6687746280635893,0.8477252925466127
calling_station,10,50,True,0.9549069455729997,0.987072804041846
calling_station,10,100,True,0.9595010498750866,0.9871590730501691
calling_station,10,200,True,0.9999999998014923,0.9999999999867473
calling_station,10,400,True,1.0,1.0
calling_station,10,800,True,1.0,1.0
calling_station,11,5,False,0.14213298231744964,0.1912360129079096
calling_station,11,10,False,0.2547434266851005,0.2199190361073857
calling_station,11,25,True,0.46001037224642527,0.5763917343514221
calling_station,11,50,True,0.9245140522754728,0.9750672406358974
calling_station,11,100,False,0.6235493425048735,0.39186364804728074
calling_station,11,200,True,0.9982006109567219,0.999638904712684
calling_station,11,400,True,0.999999999968476,0.9999999999979774
calling_station,11,800,True,1.0,1.0
calling_station,12,5,False,0.09335540337136994,0.06754956945571268
calling_station,12,10,False,0.1342838781983463,0.07536936748060415
calling_station,12,25,True,0.2719610664909371,0.4565014151767808
calling_station,12,50,True,0.5048325855459399,0.6348490598257241
calling_station,12,100,True,0.9971215039928892,0.9994320006744792
calling_station,12,200,True,0.9999945787573132,0.9999993934123779
calling_station,12,400,True,1.0,1.0
calling_station,12,800,True,1.0,1.0
calling_station,13,5,True,0.21877410338390302,0.36373885203817935
calling_station,13,10,True,0.2719453046429504,0.512124845521073
calling_station,13,25,True,0.6652561247217379,0.7691335138777261
calling_station,13,50,True,0.9877255996788847,0.9967784556876766
calling_station,13,100,True,0.9928752385602702,0.99826680165204
calling_station,13,200,True,0.9999998342017358,0.9999999843418623
calling_station,13,400,True,0.9999999999999313,0.9999999999999964
calling_station,13,800,True,1.0,1.0
calling_station,14,5,False,0.04515516062184777,0.19200525894481565
calling_station,14,10,False,0.11229923522087615,0.23950287187475705
calling_station,14,25,True,0.575140423073278,0.78771527021965
calling_station,14,50,True,0.7376598510442378,0.8574425361995738
calling_station,14,100,True,0.9997580015125284,0.9999611371086276
calling_station,14,200,True,0.9999998480196672,0.9999999857159885
calling_station,14,400,True,1.0,1.0
calling_station,14,800,True,1.0,1.0
calling_station,15,5,True,0.43188087337467773,0.6897306281348317
calling_station,15,10,True,0.5511337196747259,0.7454042706430842
calling_station,15,25,True,0.4730250074821931,0.5487815379395213
calling_station,15,50,True,0.43496650529157255,0.48359745760155365
calling_station,15,100,True,0.9054641437047578,0.9596573067135291
calling_station,15,200,True,0.9999997843435509,0.9999999793312897
calling_station,15,400,True,0.9999999999999999,1.0
calling_station,15,800,True,1.0,1.0
calling_station,16,5,False,0.12451746496367189,0.19939372669342872
calling_station,16,10,True,0.22756286705183681,0.4964212740397106
calling_station,16,25,True,0.70624420105145,0.8726886583493999
calling_station,16,50,True,0.9729901475288064,0.992668260063194
calling_station,16,100,True,0.9999957831784243,0.9999995206601753
calling_station,16,200,True,0.9999999999910911,0.9999999999994544
calling_station,16,400,True,1.0,1.0
calling_station,16,800,True,1.0,1.0
calling_station,17,5,False,0.16762008416505636,0.2050999484189892
calling_station,17,10,False,0.36887969313562896,0.16276508353214614
calling_station,17,25,True,0.5434301511983235,0.6003038990602793
calling_station,17,50,True,0.6896190186293896,0.7597066019556857
calling_station,17,100,True,0.9640864724513171,0.9881662660965919
calling_station,17,200,True,0.9999966173707594,0.999999615719587
calling_station,17,400,True,0.9999999999997745,0.9999999999999878
calling_station,17,800,True,1.0,1.0
calling_station,18,5,False,0.05906849451651397,0.15393177840631955
calling_station,18,10,False,0.21788660962567208,0.10729642175667557
calling_station,18,25,True,0.2409976855936229,0.4446191203903784
calling_station,18,50,True,0.8852058992280892,0.9604906441527135
calling_station,18,100,True,0.9956224620453182,0.9991144709141662
calling_station,18,200,True,0.9999999997037469,0.9999999999798894
calling_station,18,400,True,1.0,1.0
calling_station,18,800,True,1.0,1.0
calling_station,19,5,False,0.14094038224209404,0.24793889408596642
calling_station,19,10,True,0.30330416026803253,0.4009096425072502
calling_station,19,25,True,0.27034868806904966,0.43447088392585964
calling_station,19,50,True,0.814321607406758,0.9194552004051134
calling_station,19,100,True,0.9999956654507731,0.9999995195558232
calling_station,19,200,True,0.9999999999170545,0.9999999999945504
calling_station,19,400,True,1.0,1.0
calling_station,19,800,True,1.0,1.0
calling_station,20,5,False,0.34707474203625444,0.06011537731289577
calling_station,20,10,False,0.5843018207131614,0.02997542551810854
calling_station,20,25,False,0.6975472475386277,0.01177085837503005
calling_station,20,50,True,0.7414735739855621,0.837104103927977
calling_station,20,100,True,0.9995464405802614,0.9999223601704695
calling_station,20,200,True,0.9999898963880304,0.9999987600982511
calling_station,20,400,True,0.9999999999970653,0.999999999999827
calling_station,20,800,True,1.0,1.0
calling_station,21,5,False,0.14376115518448673,0.11410440474184817
calling_station,21,10,False,0.28857589683683094,0.18075597881638697
calling_station,21,25,False,0.3629712685207127,0.17580237731957038
calling_station,21,50,True,0.8164526246105427,0.9137229003948208
calling_station,21,100,True,0.9980039280221873,0.9996299859315713
calling_station,21,200,True,0.9998499001612363,0.9999770201817254
calling_station,21,400,True,0.9999999999975563,0.9999999999998568
calling_station,21,800,True,1.0,1.0
calling_station,22,5,True,0.3177390514853421,0.5953058762303125
calling_station,22,10,True,0.45267516204088076,0.5814931367446
calling_station,22,25,True,0.5020347477931217,0.6258972505079318
calling_station,22,50,True,0.9632099320640473,0.988634184948326
calling_station,22,100,True,0.9994828715814654,0.9999128925179585
calling_station,22,200,True,0.9999981700807605,0.999999803543608
calling_station,22,400,True,1.0,1.0
calling_station,22,800,True,1.0,1.0
calling_station,23,5,False,0.1414586119739153,0.21353768603092227
calling_station,23,10,True,0.24821707410813088,0.5309087547719458
calling_station,23,25,True,0.45401561204266727,0.6712023554464404
calling_station,23,50,True,0.998425465568926,0.9997141514444683
calling_station,23,100,True,0.9999998888629502,0.9999999897725403
calling_station,23,200,True,0.9999999993500686,0.9999999999530076
calling_station,23,400,True,0.9999999999999987,1.0
calling_station,23,800,True,1.0,1.0
calling_station,24,5,False,0.1772358204002552,0.27595291778068376
calling_station,24,10,False,0.14762208208494165,0.1787003832596074
calling_station,24,25,False,0.3977233029620061,0.3418106570409523
calling_station,24,50,True,0.40146659279289476,0.4821567130192093
calling_station,24,100,True,0.9377550511435581,0.9764815863813772
calling_station,24,200,True,0.9998261917210441,0.9999729630027374
calling_station,24,400,True,0.9999999999999827,0.9999999999999991
calling_station,24,800,True,1.0,1.0
calling_station,25,5,True,0.07083819462769292,0.3235538535924163
calling_station,25,10,True,0.3107802779993103,0.5862439641098314
calling_station,25,25,True,0.992960239898643,0.9983676850265473
calling_station,25,50,True,0.9927704312231269,0.9982372004744182
calling_station,25,100,True,0.9983959930258979,0.9996826594275924
calling_station,25,200,True,0.9999958584573129,0.9999995229618701
calling_station,25,400,True,1.0,1.0
calling_station,25,800,True,1.0,1.0
calling_station,26,5,False,0.22267696972112572,0.14648250115692843
calling_station,26,10,False,0.09994996156359826,0.17922623702222218
calling_station,26,25,False,0.3708234989196504,0.35819576310255585
calling_station,26,50,True,0.881831335084819,0.9483941025477051
calling_station,26,100,True,0.995892266781518,0.9990821517564055
calling_station,26,200,True,0.9975056284286266,0.9994777189075692
calling_station,26,400,True,0.9999999999811678,0.9999999999988145
calling_station,26,800,True,1.0,1.0
calling_station,27,5,True,0.15159044125577104,0.3293443013729287
calling_station,27,10,True,0.17044723110476756,0.39521045678331673
calling_station,27,25,True,0.8560201227802917,0.9404119686224087
calling_station,27,50,True,0.9396208736633856,0.9805174493000813
calling_station,27,100,True,0.999709882641547,0.9999531107139655
calling_station,27,200,True,0.9999997230406612,0.9999999732885101
calling_station,27,400,True,0.9999999999999998,1.0
calling_station,27,800,True,1.0,1.0
calling_station,28,5,True,0.10582389541146342,0.4162402943382105
calling_station,28,10,True,0.10836898859248356,0.27774010436119484
calling_station,28,25,True,0.9707718315920127,0.9915293171394397
calling_station,28,50,True,0.971792356904216,0.9924364432722096
calling_station,28,100,True,0.9996908649403046,0.9999493439891695
calling_station,28,200,True,0.9999996033454235,0.9999999606260404
calling_station,28,400,True,0.9999999999999809,0.9999999999999991
calling_station,28,800,True,1.0,1.0
calling_station,29,5,False,0.10619557820200265,0.20150934530893597
calling_station,29,10,True,0.30964607092054175,0.6101950199463044
calling_station,29,25,False,0.4017035693797447,0.07483930953765625
calling_station,29,50,False,0.37881656346770987,0.20251286736140525
calling_station,29,100,True,0.9859035063438634,0.9963926198641676
calling_station,29,200,True,0.9999966840296479,0.9999996305681017
calling_station,29,400,True,0.9999999999999997,1.0
calling_station,29,800,True,1.0,1.0
calling_station,30,5,False,0.40553889728919845,0.43514865981481404
calling_station,30,10,False,0.47044435219644154,0.37177792710860136
calling_station,30,25,True,0.9782615437118745,0.9947096371148937
calling_station,30,50,True,0.9737091016736789,0.9919225293433616
calling_station,30,100,True,0.9999973840931955,0.9999997082975423
calling_station,30,200,True,0.9999999992413448,0.9999999999447873
calling_station,30,400,True,1.0,1.0
calling_station,30,800,True,1.0,1.0
calling_station,31,5,False,0.1659466125696919,0.2513674870311176
calling_station,31,10,False,0.18293418038892184,0.19036608970327495
calling_station,31,25,False,0.29943132351275836,0.3288784953674974
calling_station,31,50,True,0.5784492147463107,0.6905499645788626
calling_station,31,100,True,0.9925631589748841,0.9982979901695247
calling_station,31,200,True,0.9999999956218656,0.9999999996569637
calling_station,31,400,True,1.0,1.0
calling_station,31,800,True,1.0,1.0
calling_station,32,5,True,0.08688283815727271,0.3314372857334274
calling_station,32,10,True,0.17524801631145304,0.4104860040484124
calling_station,32,25,True,0.3043650004799787,0.40024877369268436
calling_station,32,50,True,0.6735634703851754,0.8081627321641545
calling_station,32,100,True,0.9962270583649567,0.9991853301854116
calling_station,32,200,True,0.9999999955240747,0.99999999964797
calling_station,32,400,True,1.0,1.0
calling_station,32,800,True,1.0,1.0
calling_station,33,5,False,0.17700869889092374,0.25794316569436915
calling_station,33,10,False,0.2378210425631443,0.20219340186904738
calling_station,33,25,False,0.3916239317486412,0.34972571254236934
calling_station,33,50,True,0.9160299849476935,0.9708980858862402
calling_station,33,100,True,0.999835066887195,0.9999752460815294
calling_station,33,200,True,0.9999999999949126,0.9999999999996945
calling_station,33,400,True,1.0,1.0
calling_station,33,800,True,1.0,1.0
calling_station,34,5,True,0.21201188423213035,0.3752603565609095
calling_station,34,10,True,0.3639285972000702,0.6040671789870832
calling_station,34,25,True,0.9448390443336062,0.9840545951704717
calling_station,34,50,True,0.9977056550743966,0.9995519362122208
calling_station,34,100,True,0.9999673461879597,0.9999956443055378
calling_station,34,200,True,0.9999999999634317,0.9999999999976634
calling_station,34,400,True,1.0,1.0
calling_station,34,800,True,1.0,1.0
calling_station,35,5,False,0.14335837064457968,0.1983170510829372
calling_station,35,10,False,0.20768853664615672,0.17350439370658674
calling_station,35,25,True,0.2927215909456169,0.49072061974577874
calling_station,35,50,True,0.734689364308023,0.879777016477378
calling_station,35,100,True,0.998696048757344,0.999754987453725
calling_station,35,200,True,0.9999999762807664,0.9999999979933718
calling_station,35,400,True,0.9999999999999999,1.0
calling_station,35,800,True,1.0,1.0
calling_station,36,5,True,0.20403280185497263,0.5317924588478655
calling_station,36,10,True,0.19427969229726816,0.4853003414773228
calling_station,36,25,True,0.3731045946078967,0.5574924323656402
calling_station,36,50,False,0.20308564216670666,0.25817762164779756
calling_station,36,100,True,0.9828370592064863,0.9955941897970877
calling_station,36,200,True,0.999999990302424,0.9999999992216433
calling_station,36,400,True,0.9999999999999943,0.9999999999999998
calling_station,36,800,True,1.0,1.0
calling_station,37,5,False,0.13144520440406238,0.16233051352314287
calling_station,37,10,False,0.5742068396044897,0.16069022866079896
calling_station,37,25,False,0.7652063066778736,0.040882780204934056
calling_station,37,50,False,0.9118736613765276,0.006957028741566176
calling_station,37,100,True,0.9256454088410151,0.9714668786134217
calling_station,37,200,True,0.9896940389674982,0.997563869315148
calling_station,37,400,True,0.9999999999488618,0.9999999999966589
calling_station,37,800,True,1.0,1.0
calling_station,38,5,False,0.10720405798873356,0.09720036460018576
calling_station,38,10,False,0.1794396761106578,0.1418561494163098
calling_station,38,25,False,0.4129681015064116,0.13325095370191478
calling_station,38,50,False,0.597127243732434,0.22151901526777867
calling_station,38,100,False,0.7331230635065872,0.1517391806433106
calling_station,38,200,True,0.9999999031822289,0.9999999913439049
calling_station,38,400,True,0.9999999999999998,1.0
calling_station,38,800,True,1.0,1.0
calling_station,39,5,False,0.19799268954361782,0.10822241754887715
calling_station,39,10,True,0.19228578276191488,0.4307470786271159
calling_station,39,25,True,0.7547859714202938,0.9032610055134506
calling_station,39,50,True,0.9917444699758692,0.9980696941923268
calling_station,39,100,True,0.9996448797262584,0.9999414310142607
calling_station,39,200,True,0.9999999999927728,0.9999999999995639
calling_station,39,400,True,1.0,1.0
calling_station,39,800,True,1.0,1.0
calling_station,40,5,False,0.1960375670682465,0.2501150757972644
calling_station,40,10,False,0.373525581951492,0.23073359597916748
calling_station,40,25,True,0.487469424955552,0.6913855308909593
calling_station,40,50,True,0.7015271497757393,0.8304716547802468
calling_station,40,100,True,0.9982712612985514,0.9996570295565945
calling_station,40,200,True,0.998127347582627,0.9996504165051688
calling_station,40,400,True,0.9999999999351469,0.9999999999957243
calling_station,40,800,True,1.0,1.0
calling_station,41,5,True,0.07358424622804438,0.3051294413254145
calling_station,41,10,False,0.3390030455741003,0.26422954069719806
calling_station,41,25,True,0.5980113954278388,0.7129993506154434
calling_station,41,50,True,0.7489298642955199,0.8626511110067856
calling_station,41,100,True,0.9863571670593273,0.9963490383219297
calling_station,41,200,True,0.9999995591194174,0.9999999569615236
calling_station,41,400,True,0.9999999999936322,0.9999999999996154
calling_station,41,800,True,1.0,1.0
calling_station,42,5,True,0.1910684486966442,0.4557308280385773
calling_station,42,10,True,0.17950540046253727,0.37858168110294105
calling_station,42,25,True,0.3076494719881806,0.4780823885249098
calling_station,42,50,True,0.8214240452749451,0.9040146335926008
calling_station,42,100,True,0.9999316499665769,0.9999902608133032
calling_station,42,200,True,0.9999999983203084,0.999999999873844
calling_station,42,400,True,1.0,1.0
calling_station,42,800,True,1.0,1.0
calling_station,43,5,False,0.22811038612500745,0.24706802442440776
calling_station,43,10,True,0.7864461926426337,0.906335703303459
calling_station,43,25,True,0.9622458970676008,0.9875161418819924
calling_station,43,50,True,0.9914887781020624,0.9980303341576147
calling_station,43,100,True,0.9999395225538988,0.9999917175185138
calling_station,43,200,True,0.9999999913749156,0.999999999317456
calling_station,43,400,True,1.0,1.0
calling_station,43,800,True,1.0,1.0
calling_station,44,5,False,0.22187041054213452,0.06041069433201007
calling_station,44,10,False,0.15178882567898166,0.1993323032803404
calling_station,44,25,True,0.8234489347749226,0.9371355884205669
calling_station,44,50,True,0.9573800518001225,0.9873904475217997
calling_station,44,100,True,0.988594511688147,0.9969984040885554
calling_station,44,200,True,0.9938962131340338,0.9985484611968432
calling_station,44,400,True,0.9999999984056045,0.9999999998801947
calling_station,44,800,True,1.0,1.0
calling_station,45,5,False,0.2507853382559937,0.29797379046291633
calling_station,45,10,True,0.1817917127065315,0.3117660972914256
calling_station,45,25,False,0.2723399500393202,0.33230247261863866
calling_station,45,50,True,0.3681449717536235,0.3974515075838348
calling_station,45,100,True,0.6996775448371355,0.8145225804499272
calling_station,45,200,True,0.9998032875541099,0.999969152406705
calling_station,45,400,True,1.0,1.0
calling_station,45,800,True,1.0,1.0
calling_station,46,5,True,0.0347060151138221,0.24325331667986352
calling_station,46,10,False,0.09999461606468563,0.21784821828356968
calling_station,46,25,False,0.3701832241777314,0.1901572487950302
calling_station,46,50,True,0.38835508158970766,0.4016862906477736
calling_station,46,100,False,0.5239903488927029,0.22759179604898194
calling_station,46,200,True,0.925918631215847,0.9705965952619346
calling_station,46,400,True,0.9999999999359703,0.9999999999957807
calling_station,46,800,True,1.0,1.0
calling_station,47,5,True,0.40019498031285605,0.6530434557575697
calling_station,47,10,True,0.30736358540680975,0.4096579675263337
calling_station,47,25,True,0.8749579468321149,0.9521574420082424
calling_station,47,50,True,0.9976710088812861,0.9995647422142361
calling_station,47,100,True,0.9997039788856077,0.9999548703023954
calling_station,47,200,True,0.9999999928911312,0.9999999994283719
calling_station,47,400,True,0.9999999999999126,0.9999999999999953
calling_station,47,800,True,1.0,1.0
calling_station,48,5,True,0.276597023201408,0.4194538491225315
calling_station,48,10,True,0.6071687349238021,0.8020253346983054
calling_station,48,25,True,0.9553766811830839,0.9866034086387446
calling_station,48,50,True,0.9987299648364865,0.9997692509807374
calling_station,48,100,True,0.9999998006112137,0.9999999816570097
calling_station,48,200,True,0.9999999999851253,0.9999999999990747
calling_station,48,400,True,1.0,1.0
calling_station,48,800,True,1.0,1.0
calling_station,49,5,False,0.10146777004173202,0.16943581013707498
calling_station,49,10,True,0.25938316687850704,0.47686147826892156
calling_station,49,25,False,0.565216358935707,0.11234681978747739
calling_station,49,50,True,0.7278409579748465,0.8675625050671597
calling_station,49,100,True,0.999521705981072,0.9999210153745907
calling_station,49,200,True,0.9999931533671379,0.9999991834256017
calling_station,49,400,True,1.0,1.0
calling_station,49,800,True,1.0,1.0
maniac,0,5,False,0.040032310121334236,0.096857417382991
maniac,0,10,True,0.5747871459315934,0.7369795259586541
maniac,0,25,True,0.692413708554263,0.8330648428407458
maniac,0,50,True,0.990927398928596,0.9977835468974905
maniac,0,100,True,0.9998438103035854,0.9999759505904102
maniac,0,200,True,0.9999999984983601,0.9999999998874598
maniac,0,400,True,1.0,1.0
maniac,0,800,True,1.0,1.0
maniac,1,5,True,0.5612694014038644,0.7000548639400271
maniac,1,10,True,0.6954981575346728,0.7822517973380836
maniac,1,25,True,0.9066963938331176,0.9603457918610322
maniac,1,50,True,0.8940770210489161,0.9529819917146704
maniac,1,100,True,0.9856733359375713,0.996073804704196
maniac,1,200,True,0.9998291477818276,0.9999734658619367
maniac,1,400,True,0.999999999999873,0.9999999999999933
maniac,1,800,True,1.0,1.0
maniac,2,5,True,0.24907513802734682,0.4935027087947068
maniac,2,10,False,0.31797726781542934,0.18659679925582787
maniac,2,25,False,0.6112722106520067,0.10331349739155758
maniac,2,50,True,0.6709978035317699,0.7247227463434606
maniac,2,100,True,0.9938123448875498,0.9985254313484073
maniac,2,200,True,0.9999999267399042,0.9999999933816524
maniac,2,400,True,1.0,1.0
maniac,2,800,True,1.0,1.0
maniac,3,5,True,0.2626448900346674,0.36846540024928004
maniac,3,10,True,0.567798089645402,0.7102808792854458
maniac,3,25,True,0.9994406335491013,0.9999020865422164
maniac,3,50,True,0.9999913220331816,0.9999989468295029
maniac,3,100,True,0.9999976867878959,0.999999743793838
maniac,3,200,True,0.9999973191565842,0.9999997001610139
maniac,3,400,True,0.9999999999998801,0.9999999999999936
maniac,3,800,True,1.0,1.0
maniac,4,5,True,0.6506950502074194,0.7840745347632093
maniac,4,10,True,0.81192509968498,0.9071291422037314
maniac,4,25,True,0.9883365473555848,0.9969295682762032
maniac,4,50,True,0.9981685207179962,0.999631654412432
maniac,4,100,True,0.9999950371755343,0.999999421166905
maniac,4,200,True,0.999999999957015,0.99999999999721
maniac,4,400,True,1.0,1.0
maniac,4,800,True,1.0,1.0
maniac,5,5,True,0.5804806434880456,0.7562384483868463
maniac,5,10,True,0.7168601303506807,0.8298930807614883
maniac,5,25,False,0.5869907179979975,0.32219638123444383
maniac,5,50,True,0.9812437559513605,0.9946173774332941
maniac,5,100,True,0.9956489737425877,0.9990161531427422
maniac,5,200,True,0.9999655388711411,0.9999953499696039
maniac,5,400,True,0.9999999990276512,0.9999999999284837
maniac,5,800,True,1.0,1.0
maniac,6,5,False,0.1079604552928729,0.17421287086944345
maniac,6,10,False,0.35801981544126793,0.2953007155873212
maniac,6,25,False,0.48177923106095155,0.4516651143572104
maniac,6,50,True,0.9819307864682647,0.9948585499915557
maniac,6,100,True,0.9992912985421811,0.9998726139162124
maniac,6,200,True,0.999999933152925,0.9999999939902358
maniac,6,400,True,0.9999999999999997,1.0
maniac,6,800,True,1.0,1.0
maniac,7,5,True,0.5051563406514841,0.7096876274293423
maniac,7,10,True,0.7840744921670113,0.8911644925827688
maniac,7,25,True,0.980994236762006,0.9945642313019226
maniac,7,50,True,0.9996810895881308,0.9999473548635084
maniac,7,100,True,0.9999990265491092,0.9999998979900082
maniac,7,200,True,0.9999999999990423,0.9999999999999456
maniac,7,400,True,1.0,1.0
maniac,7,800,True,1.0,1.0
maniac,8,5,False,0.14352262371490054,0.30611272375406345
maniac,8,10,True,0.45079855064671226,0.587765391338807
maniac,8,25,True,0.8432811246896081,0.9234000148169512
maniac,8,50,True,0.9629165903955079,0.9877850824061041
maniac,8,100,True,0.9997271690931874,0.9999556612506687
maniac,8,200,True,0.9999999992355931,0.999999999944351
maniac,8,400,True,1.0,1.0
maniac,8,800,True,1.0,1.0
maniac,9,5,True,0.303649432987228,0.5191256544193865
maniac,9,10,True,0.4223078541862715,0.6025027322095773
maniac,9,25,True,0.9770120078433214,0.9932631569987012
maniac,9,50,True,0.9996975409264359,0.9999503457089991
maniac,9,100,True,0.9998958537834051,0.9999845531402622
maniac,9,200,True,0.9999997110149214,0.9999999718365536
maniac,9,400,True,1.0,1.0
maniac,9,800,True,1.0,1.0
maniac,10,5,True,0.2711853101974715,0.48168177096082204
maniac,10,10,True,0.2766959820913826,0.36901369249972493
maniac,10,25,True,0.8756348644016418,0.943177947595101
maniac,10,50,True,0.991218459199586,0.9977937272216898
maniac,10,100,True,0.999977626743589,0.9999970838829749
maniac,10,200,True,0.9999999958569229,0.9999999996750888
maniac,10,400,True,1.0,1.0
maniac,10,800,True,1.0,1.0
maniac,11,5,True,0.3767245420101637,0.5712199948371705
maniac,11,10,True,0.4037532305554261,0.5106531488134038
maniac,11,25,True,0.9245536649388155,0.9706611419117137
maniac,11,50,True,0.7736466000915941,0.8613761414546668
maniac,11,100,True,0.9200878266389663,0.9675442747030975
maniac,11,200,True,0.9883158691558832,0.9969115553193678
maniac,11,400,True,0.9999999994010556,0.9999999999568423
maniac,11,800,True,1.0,1.0
maniac,12,5,True,0.5994003760622636,0.7541314856054708
maniac,12,10,True,0.5781332079255341,0.7182838323806915
maniac,12,25,True,0.8116628657216061,0.9035980646589311
maniac,12,50,True,0.936660096911337,0.9761207353268607
maniac,12,100,True,0.993759578656922,0.9985109303607898
maniac,12,200,True,0.9999994303791456,0.9999999422292354
maniac,12,400,True,1.0,1.0
maniac,12,800,True,1.0,1.0
maniac,13,5,False,0.16191373486246896,0.18225043698846025
maniac,13,10,False,0.3783108822374609,0.34791068192266655
maniac,13,25,False,0.4504690439708414,0.3047943732516821
maniac,13,50,True,0.9967830613561127,0.9993031849169057
maniac,13,100,True,0.9999932355992517,0.9999991936403662
maniac,13,200,True,0.9999999999992197,0.999999999999956
maniac,13,400,True,1.0,1.0
maniac,13,800,True,1.0,1.0
maniac,14,5,False,0.10165231292415233,0.19156756936601316
maniac,14,10,False,0.3384021046708945,0.12674409348214002
maniac,14,25,True,0.764767934407014,0.8672543494225489
maniac,14,50,True,0.7814040975244567,0.8728442700186082
maniac,14,100,True,0.9986910563831595,0.999747372613862
maniac,14,200,True,0.9999917372595952,0.9999990007720597
maniac,14,400,True,0.9999999999997428,0.999999999999986
maniac,14,800,True,1.0,1.0
maniac,15,5,True,0.3577990580911492,0.46536797457322443
maniac,15,10,False,0.40478124954183003,0.3929746034266567
maniac,15,25,True,0.77901690610036,0.8781446261534692
maniac,15,50,True,0.7429244138871376,0.8314218112448405
maniac,15,100,True,0.9995893570226904,0.9999304100927554
maniac,15,200,True,0.9999999996175656,0.9999999999729514
maniac,15,400,True,1.0,1.0
maniac,15,800,True,1.0,1.0
maniac,16,5,True,0.30724252895330373,0.5325702360733876
maniac,16,10,True,0.6596775460902203,0.7967710376836663
maniac,16,25,True,0.8068719169698751,0.8965538633935408
maniac,16,50,True,0.956953910632317,0.9851920427779267
maniac,16,100,True,0.9515349171176541,0.9828239885161169
maniac,16,200,True,0.9999505349695191,0.9999931227219383
maniac,16,400,True,0.9999999999924073,0.9999999999995373
maniac,16,800,True,1.0,1.0
maniac,17,5,False,0.15938693911354573,0.01632566191588316
maniac,17,10,False,0.11620122638804053,0.130654921146797
maniac,17,25,False,0.3989494537399447,0.2866869705509198
maniac,17,50,True,0.5167108015266686,0.5541544639537954
maniac,17,100,True,0.9459884309979935,0.980555946966718
maniac,17,200,True,0.9999661903276011,0.999995444959084
maniac,17,400,True,0.9999999999914189,0.9999999999994749
maniac,17,800,True,1.0,1.0
maniac,18,5,False,0.06540173762907331,0.02917629126127848
maniac,18,10,False,0.23056381380461521,0.19430081318378073
maniac,18,25,True,0.5972422035567322,0.6837452254887575
maniac,18,50,True,0.8463661209216442,0.9235030449855366
maniac,18,100,True,0.9999041359005827,0.9999858842157734
maniac,18,200,True,0.999999999984554,0.9999999999990346
maniac,18,400,True,1.0,1.0
maniac,18,800,True,1.0,1.0
maniac,19,5,True,0.49025291511153934,0.6999557603907409
maniac,19,10,True,0.5298522704567056,0.704582114010501
maniac,19,25,True,0.7772495803790614,0.883934342703803
maniac,19,50,True,0.9909555725455842,0.9977181263100773
maniac,19,100,True,0.9983840226429113,0.9996799591959207
maniac,19,200,True,0.9999989354369586,0.9999998878183564
maniac,19,400,True,0.9999999999999998,1.0
maniac,19,800,True,1.0,1.0
maniac,20,5,True,0.5233126097007574,0.6879748610091588
maniac,20,10,True,0.6059392876587333,0.7606855791949867
maniac,20,25,True,0.6737183162250829,0.8037527116177743
maniac,20,50,True,0.988731254898227,0.9970511388472236
maniac,20,100,True,0.9995929394919072,0.999931080354933
maniac,20,200,True,0.9999999939634181,0.9999999995182927
maniac,20,400,True,0.9999999999999997,1.0
maniac,20,800,True,1.0,1.0
maniac,21,5,True,0.3757228879316783,0.6099166517459945
maniac,21,10,True,0.8284582722268916,0.9199482936232175
maniac,21,25,True,0.9994103354720035,0.9998961597415985
maniac,21,50,True,0.99973693656447,0.9999573988651214
maniac,21,100,True,0.9996182908501963,0.9999358031118873
maniac,21,200,True,0.99999999639176,0.9999999997188109
maniac,21,400,True,1.0,1.0
maniac,21,800,True,1.0,1.0
maniac,22,5,True,0.10799123203612604,0.29837307091062226
maniac,22,10,False,0.3106559352119558,0.22716505202271944
maniac,22,25,True,0.5558139716832307,0.6995104894165168
maniac,22,50,False,0.5483906589295151,0.04182578148509965
maniac,22,100,True,0.8907224800096875,0.951040400930647
maniac,22,200,True,0.9870786862338409,0.9965237778836347
maniac,22,400,True,0.9999999999936752,0.999999999999617
maniac,22,800,True,1.0,1.0
maniac,23,5,True,0.3676656567404232,0.6153141078825053
maniac,23,10,True,0.812564940001189,0.9102240891272864
maniac,23,25,True,0.9947482919571041,0.9987802391330621
maniac,23,50,True,0.9995727188035476,0.999927292976683
maniac,23,100,True,0.999977995748295,0.9999971353537432
maniac,23,200,True,0.9999997550094061,0.9999999763487176
maniac,23,400,True,0.999999999999987,0.9999999999999993
maniac,23,800,True,1.0,1.0
maniac,24,5,True,0.15044301036589713,0.30003152003932737
maniac,24,10,True,0.5890042652785772,0.7182633981841516
maniac,24,25,True,0.5233152496524439,0.4949382756066334
maniac,24,50,True,0.7206175475992149,0.8232843275551619
maniac,24,100,True,0.999732593747832,0.9999566258263657
maniac,24,200,True,0.999999953316499,0.9999999958810843
maniac,24,400,True,0.999999999999984,0.9999999999999991
maniac,24,800,True,1.0,1.0
maniac,25,5,True,0.594501694660188,0.7345982181984375
maniac,25,10,True,0.6180088034156583,0.7223346138585665
maniac,25,25,True,0.7879352558200163,0.8753739020189174
maniac,25,50,True,0.9445887961485724,0.9796860125099549
maniac,25,100,True,0.9896145889053123,0.9973096999104574
maniac,25,200,True,0.9999999077404627,0.9999999915618877
maniac,25,400,True,0.9999999999999999,1.0
maniac,25,800,True,1.0,1.0
maniac,26,5,True,0.5514870309713655,0.7196911947254869
maniac,26,10,False,0.40213313907485715,0.3764676633588396
maniac,26,25,True,0.7006723213676824,0.8157785594713952
maniac,26,50,True,0.996074879821011,0.9991267234677293
maniac,26,100,True,0.9986441429321659,0.9997371942929197
maniac,26,200,True,0.9999996844574266,0.9999999690920286
maniac,26,400,True,0.9999999999999999,1.0
maniac,26,800,True,1.0,1.0
maniac,27,5,False,0.02706003598144502,0.10988303853985029
maniac,27,10,False,0.17888989470687777,0.23029605245231882
maniac,27,25,True,0.656913161970007,0.7200822954651337
maniac,27,50,True,0.9715122395474195,0.9910782077786133
maniac,27,100,True,0.9992845547323485,0.9998712653931201
maniac,27,200,True,0.9999999995930942,0.9999999999711471
maniac,27,400,True,1.0,1.0
maniac,27,800,True,1.0,1.0
maniac,28,5,False,0.23802604829942364,0.34207310013904935
maniac,28,10,True,0.6764484532935529,0.8132469395071682
maniac,28,25,False,0.5271211234883156,0.4298454576396658
maniac,28,50,True,0.9047466894013999,0.9593174835243863
maniac,28,100,True,0.9998216354002789,0.9999721858998024
maniac,28,200,True,0.9999997644272601,0.9999999773085656
maniac,28,400,True,1.0,1.0
maniac,28,800,True,1.0,1.0
maniac,29,5,True,0.8275141086747233,0.9243220495125963
maniac,29,10,True,0.9041213249641438,0.9643023746337156
maniac,29,25,True,0.9893882622907785,0.9972672677947569
maniac,29,50,True,0.9899994471662429,0.9974262587001601
maniac,29,100,True,0.99999923590139,0.9999999211143857
maniac,29,200,True,0.9999998408488138,0.9999999850037518
maniac,29,400,True,0.9999999999999543,0.9999999999999976
maniac,29,800,True,1.0,1.0
maniac,30,5,True,0.5767775466515139,0.7107935719801397
maniac,30,10,True,0.682910321435104,0.8023611829166004
maniac,30,25,True,0.8702398055333449,0.9404261934548552
maniac,30,50,True,0.5626872712044735,0.6033309652077266
maniac,30,100,True,0.9896439904361283,0.9973398174848644
maniac,30,200,True,0.99999707823967,0.9999996713322742
maniac,30,400,True,0.9999999999997949,0.9999999999999889
maniac,30,800,True,1.0,1.0
maniac,31,5,True,0.8099734744062147,0.9090612069967262
maniac,31,10,True,0.9643064407844968,0.9886267464890817
maniac,31,25,True,0.9966242096845747,0.9992659999745395
maniac,31,50,True,0.9999547520324883,0.9999937560534341
maniac,31,100,True,0.999999898518706,0.9999999906706515
maniac,31,200,True,0.9999999994456501,0.9999999999601847
maniac,31,400,True,1.0,1.0
maniac,31,800,True,1.0,1.0
maniac,32,5,True,0.338698341678911,0.6031947758381434
maniac,32,10,True,0.8046249385421462,0.9222150383976125
maniac,32,25,True,0.9855574283213544,0.9961682986055939
maniac,32,50,True,0.9957430880514886,0.9990630678489127
maniac,32,100,True,0.9999999398108356,0.9999999946186504
maniac,32,200,True,0.9999999999870608,0.9999999999991964
maniac,32,400,True,1.0,1.0
maniac,32,800,True,1.0,1.0
maniac,33,5,True,0.2765790394327342,0.4993200090170219
maniac,33,10,True,0.5638868110244906,0.7404278960056149
maniac,33,25,True,0.9886402920410768,0.997060953568884
maniac,33,50,True,0.9954033351536998,0.9989555144605122
maniac,33,100,True,0.9999211575764255,0.9999885900680325
maniac,33,200,True,0.9999999853345358,0.9999999987791621
maniac,33,400,True,1.0,1.0
maniac,33,800,True,1.0,1.0
maniac,34,5,True,0.46164198331059314,0.657077556596443
maniac,34,10,True,0.8823595345269515,0.9502802723764989
maniac,34,25,True,0.9114793069347128,0.9639510654486511
maniac,34,50,True,0.9985141931278607,0.9997088316326299
maniac,34,100,True,0.9999950839025242,0.999999426993844
maniac,34,200,True,0.9999999999993082,0.9999999999999611
maniac,34,400,True,1.0,1.0
maniac,34,800,True,1.0,1.0
maniac,35,5,True,0.5909833860307332,0.7868773093571609
maniac,35,10,True,0.7307173397185467,0.8714727737350934
maniac,35,25,True,0.9782178943112912,0.9936212583456296
maniac,35,50,True,0.9980453132457928,0.9996035218244138
maniac,35,100,True,0.999993341108576,0.9999992071060787
maniac,35,200,True,0.999999999984938,0.9999999999990594
maniac,35,400,True,0.9999999999999999,1.0
maniac,35,800,True,1.0,1.0
maniac,36,5,True,0.5886058906343363,0.7707945841704996
maniac,36,10,True,0.7913151524024383,0.9079180267837067
maniac,36,25,True,0.9570135281156016,0.9863599335662139
maniac,36,50,True,0.9966407028940906,0.9992779674330747
maniac,36,100,True,0.9998665695823046,0.9999797612131256
maniac,36,200,True,0.9999999999593295,0.9999999999973657
maniac,36,400,True,1.0,1.0
maniac,36,800,True,1.0,1.0
maniac,37,5,True,0.8279812899791084,0.9172981525405675
maniac,37,10,True,0.6711641576497769,0.7793233735713805
maniac,37,25,True,0.8203750568855382,0.9017592746508972
maniac,37,50,True,0.9971089663724789,0.9993825670633409
maniac,37,100,True,0.9999404986403878,0.9999915966614902
maniac,37,200,True,0.9999949709360032,0.9999994128985422
maniac,37,400,True,0.9999999999999903,0.9999999999999996
maniac,37,800,True,1.0,1.0
maniac,38,5,True,0.4220134746730194,0.630360921535719
maniac,38,10,True,0.8940081052441157,0.9606394406410985
maniac,38,25,True,0.9926586761925854,0.9982388963856061
maniac,38,50,True,0.9998765863965953,0.99998143980619
maniac,38,100,True,0.9999999384282501,0.9999999944884403
maniac,38,200,True,0.9999999999940633,0.9999999999996414
maniac,38,400,True,1.0,1.0
maniac,38,800,True,1.0,1.0
maniac,39,5,True,0.5088449287570351,0.7123746616099976
maniac,39,10,True,0.7285071519690169,0.8531728309458797
maniac,39,25,True,0.9661005603772618,0.9895381810594766
maniac,39,50,True,0.9983785261627101,0.9996791625848997
maniac,39,100,True,0.9999883026903814,0.9999985489065222
maniac,39,200,True,0.9999999995163175,0.999999999965457
maniac,39,400,True,1.0,1.0
maniac,39,800,True,1.0,1.0
maniac,40,5,True,0.40357823886120847,0.5914387510691658
maniac,40,10,True,0.7989987337809021,0.8965842409240102
maniac,40,25,True,0.9860812011887746,0.9962480943693424
maniac,40,50,True,0.9927799723983879,0.9982446096115847
maniac,40,100,True,0.9994548277425171,0.9999047877977081
maniac,40,200,True,0.999999518990587,0.9999999517059731
maniac,40,400,True,1.0,1.0
maniac,40,800,True,1.0,1.0
maniac,41,5,True,0.49425489383889076,0.7039861958042565
maniac,41,10,True,0.6875662870321992,0.8424647397685504
maniac,41,25,True,0.9670238182797148,0.9895921559860633
maniac,41,50,True,0.9530548118833719,0.9836323245074501
maniac,41,100,True,0.9999927781174255,0.9999991350715767
maniac,41,200,True,0.9999999998925959,0.99999999999278
maniac,41,400,True,0.9999999999999993,1.0
maniac,41,800,True,1.0,1.0
maniac,42,5,True,0.273873763035966,0.5438818573561294
maniac,42,10,True,0.5517830261078664,0.7701667091887313
maniac,42,25,True,0.9838162183291962,0.9957806042782021
maniac,42,50,True,0.9999393649631784,0.9999914476572506
maniac,42,100,True,0.9999752469476474,0.9999967475948348
maniac,42,200,True,0.9999999999999805,0.9999999999999991
maniac,42,400,True,1.0,1.0
maniac,42,800,True,1.0,1.0
maniac,43,5,True,0.4233513898972001,0.6490034970831631
maniac,43,10,True,0.6708399038109247,0.8133736925059374
maniac,43,25,True,0.783094180301653,0.8725112051455199
maniac,43,50,True,0.9897885961153097,0.9973644837770499
maniac,43,100,True,0.9999907478103551,0.9999988718786424
maniac,43,200,True,0.9999999322373606,0.9999999939035427
maniac,43,400,True,0.9999999999999846,0.9999999999999993
maniac,43,800,True,1.0,1.0
maniac,44,5,False,0.10805637403160806,0.04437793396401975
maniac,44,10,False,0.26435372718671846,0.18547139343093627
maniac,44,25,False,0.287547092855019,0.16650136776828278
maniac,44,50,False,0.5850320163592636,0.01788130081055217
maniac,44,100,True,0.7183063619981909,0.8060429666070938
maniac,44,200,True,0.9999057034393939,0.9999861353600059
maniac,44,400,True,0.9999999999999044,0.9999999999999949
maniac,44,800,True,1.0,1.0
maniac,45,5,True,0.37645838533165665,0.49630611418882375
maniac,45,10,True,0.8636277857712109,0.9383472243803745
maniac,45,25,True,0.8762582474656896,0.9432783404185385
maniac,45,50,True,0.9947063372543596,0.9987703571868137
maniac,45,100,True,0.999999187754251,0.9999999158291617
maniac,45,200,True,0.9999999999906279,0.9999999999994247
maniac,45,400,True,1.0,1.0
maniac,45,800,True,1.0,1.0
maniac,46,5,True,0.25032828274429164,0.3601728764824551
maniac,46,10,False,0.31860734161477466,0.369426766567012
maniac,46,25,True,0.9547538636156686,0.9845008265148827
maniac,46,50,True,0.997480501048709,0.9994718905769008
maniac,46,100,True,0.9998968024471269,0.9999847032764863
maniac,46,200,True,0.9999999964244749,0.9999999997214757
maniac,46,400,True,0.9999999999998266,0.9999999999999907
maniac,46,800,True,1.0,1.0
maniac,47,5,True,0.34920847584529535,0.5441413768311237
maniac,47,10,True,0.43185082832192345,0.6619558066873735
maniac,47,25,True,0.9596588590951051,0.9874900740044685
maniac,47,50,True,0.9891826328916681,0.9972506009212873
maniac,47,100,True,0.9962740794365037,0.9991778825613093
maniac,47,200,True,0.999999999747879,0.9999999999824682
maniac,47,400,True,0.9999999999999993,1.0
maniac,47,800,True,1.0,1.0
maniac,48,5,True,0.7388363195342884,0.8781603202956241
maniac,48,10,True,0.533762339856581,0.7141636188256804
maniac,48,25,True,0.5798642308080524,0.730499728192624
maniac,48,50,True,0.746300353264209,0.8651802506402627
maniac,48,100,True,0.9937445777254446,0.9985069178805356
maniac,48,200,True,0.9999999997583553,0.9999999999832254
maniac,48,400,True,1.0,1.0
maniac,48,800,True,1.0,1.0
maniac,49,5,False,0.2188912614914159,0.26803042604662963
maniac,49,10,True,0.8605786451430337,0.9328444075570084
maniac,49,25,True,0.9029684440801246,0.9586039935924947
maniac,49,50,True,0.9828506260954746,0.9951468713795829
maniac,49,100,True,0.999975945533361,0.9999968464640622
maniac,49,200,True,0.9999799061184989,0.9999974025345446
maniac,49,400,True,0.9999999999962197,0.9999999999997751
maniac,49,800,True,1.0,1.0
bluff_heavy,0,5,False,0.06663584807175249,0.1901842341569946
bluff_heavy,0,10,False,0.11339596677760089,0.18434748102776558
bluff_heavy,0,25,False,0.23279072124753186,0.21206053883080495
bluff_heavy,0,50,True,0.7233753558841394,0.8119087565730244
bluff_heavy,0,100,True,0.9374865195333648,0.9763465167843329
bluff_heavy,0,200,True,0.9995457032148887,0.9999221895369755
bluff_heavy,0,400,True,0.9999998041072731,0.9999999813263568
bluff_heavy,0,800,True,0.999999997775898,0.9999999998304059
bluff_heavy,1,5,False,0.49015515616798555,0.18603625121721373
bluff_heavy,1,10,False,0.6336454613470721,0.14610631911632935
bluff_heavy,1,25,False,0.613335753037996,0.2590527729169382
bluff_heavy,1,50,False,0.7828187816654028,0.12116896655975468
bluff_heavy,1,100,True,0.938022353906653,0.9801065572885306
bluff_heavy,1,200,True,0.9774843035086547,0.9932745943784266
bluff_heavy,1,400,True,0.9999703389578726,0.999996045951322
bluff_heavy,1,800,True,0.9999999999991976,0.9999999999999547
bluff_heavy,2,5,True,0.17436437522598358,0.44877460872373204
bluff_heavy,2,10,True,0.3685798262824864,0.6462913869020928
bluff_heavy,2,25,True,0.5721619362106365,0.6351868963515417
bluff_heavy,2,50,True,0.9161363575694932,0.9685505764004343
bluff_heavy,2,100,True,0.9945954581622429,0.9987560719373391
bluff_heavy,2,200,True,0.9999552672273778,0.9999938395281338
bluff_heavy,2,400,True,0.999999959904547,0.9999999964900022
bluff_heavy,2,800,True,0.9999999999950738,0.9999999999997042
bluff_heavy,3,5,False,0.1652673227196385,0.06567399121110411
bluff_heavy,3,10,False,0.40409543967467865,0.01673576794855136
bluff_heavy,3,25,False,0.35195704979200726,0.10303355038842277
bluff_heavy,3,50,True,0.7738953170611487,0.8993721798135411
bluff_heavy,3,100,True,0.7932787141292517,0.8783021319304911
bluff_heavy,3,200,True,0.892819544580508,0.9521813835213742
bluff_heavy,3,400,True,0.9932646729451824,0.9983737142305149
bluff_heavy,3,800,True,0.9999999506755183,0.9999999956356289
bluff_heavy,4,5,False,0.531219455883148,0.14954796265316553
bluff_heavy,4,10,False,0.7537193735086092,0.11570636566240691
bluff_heavy,4,25,True,0.37279826674005523,0.4121278373690179
bluff_heavy,4,50,True,0.5041489843485314,0.5711481038827857
bluff_heavy,4,100,True,0.6976369355064227,0.7685861033902847
bluff_heavy,4,200,True,0.9431405336818045,0.9790071164292755
bluff_heavy,4,400,True,0.9992227481289142,0.9998588368495678
bluff_heavy,4,800,True,0.9999999911267247,0.9999999992789785
bluff_heavy,5,5,False,0.31396582133305206,0.2864699194386607
bluff_heavy,5,10,True,0.28865662181412766,0.37611369650276427
bluff_heavy,5,25,False,0.4668380328189107,0.3552174138271244
bluff_heavy,5,50,False,0.5374608771712635,0.46411522865664656
bluff_heavy,5,100,True,0.846809830777765,0.9221868360415638
bluff_heavy,5,200,True,0.9992134862278532,0.9998570348681844
bluff_heavy,5,400,True,0.9999994114522422,0.9999999401923865
bluff_heavy,5,800,True,0.9999999997019987,0.9999999999791371
bluff_heavy,6,5,False,0.09241688074845056,0.1372890555803101
bluff_heavy,6,10,False,0.11711084896557522,0.268378687068768
bluff_heavy,6,25,True,0.518407376247209,0.5726761568991638
bluff_heavy,6,50,True,0.7509488016285163,0.8681710929739004
bluff_heavy,6,100,True,0.6301120839366512,0.6229423103420826
bluff_heavy,6,200,True,0.9937854208606856,0.998518028023895
bluff_heavy,6,400,True,0.9999999600280041,0.999999996501364
bluff_heavy,6,800,True,0.9999999999997996,0.9999999999999891
bluff_heavy,7,5,False,0.11342073325665547,0.11988171256447201
bluff_heavy,7,10,False,0.26714542470839275,0.0891428200093852
bluff_heavy,7,25,False,0.4639457104722118,0.05876040293628428
bluff_heavy,7,50,False,0.587976559404092,0.11087373985897442
bluff_heavy,7,100,False,0.8396067734949204,0.07596757103509238
bluff_heavy,7,200,False,0.9831002883928818,0.004774493246978359
bluff_heavy,7,400,False,0.9995636115820523,7.442686616981165e-05
bluff_heavy,7,800,True,0.6246498273856382,0.6011631614980725
bluff_heavy,8,5,False,0.5108243957210609,0.24609491798945668
bluff_heavy,8,10,True,0.26970118222192174,0.3627448354109796
bluff_heavy,8,25,True,0.44455657068895327,0.5371072909556679
bluff_heavy,8,50,True,0.7445338914831726,0.8394608109256437
bluff_heavy,8,100,True,0.988314539201074,0.9969312731640857
bluff_heavy,8,200,True,0.9999545729763822,0.9999937329496993
bluff_heavy,8,400,True,0.9999995453623743,0.9999999545060055
bluff_heavy,8,800,True,0.9999999999971629,0.9999999999998328
bluff_heavy,9,5,False,0.23303211791045808,0.22198463251618328
bluff_heavy,9,10,True,0.13336710073665148,0.33408929409188404
bluff_heavy,9,25,False,0.7284266972717957,0.15371449151591535
bluff_heavy,9,50,False,0.628688499798103,0.3148563470330987
bluff_heavy,9,100,False,0.6201973929724341,0.41871115641481893
bluff_heavy,9,200,True,0.9988568564203614,0.9997856841662844
bluff_heavy,9,400,True,0.9999980396393429,0.9999997852162572
bluff_heavy,9,800,True,0.9999999999999957,0.9999999999999998
bluff_heavy,10,5,False,0.11912702177767398,0.11955365081259456
bluff_heavy,10,10,False,0.46173339619855336,0.06930779748382536
bluff_heavy,10,25,False,0.5076248065892854,0.23290461296661671
bluff_heavy,10,50,True,0.5163496929502787,0.507665855032046
bluff_heavy,10,100,True,0.7807877282943902,0.873300504235456
bluff_heavy,10,200,True,0.9922860981694422,0.9981005381966656
bluff_heavy,10,400,True,0.9999685548008558,0.9999957883308863
bluff_heavy,10,800,True,0.9999999947816365,0.9999999995863926
bluff_heavy,11,5,False,0.08638526550714087,0.12532834857386774
bluff_heavy,11,10,False,0.06844767402411445,0.18375694433672687
bluff_heavy,11,25,False,0.2684711552884965,0.2768139604653864
bluff_heavy,11,50,True,0.8919420222832369,0.9531949207263267
bluff_heavy,11,100,True,0.9597496408249191,0.9866463769801461
bluff_heavy,11,200,True,0.9997056366888792,0.9999524737503616
bluff_heavy,11,400,True,0.9999964407184188,0.9999995942507282
bluff_heavy,11,800,True,0.9999999999638772,0.9999999999976705
bluff_heavy,12,5,False,0.16626509534256573,0.07892974823401146
bluff_heavy,12,10,False,0.3324971872816638,0.08430836766792597
bluff_heavy,12,25,True,0.46526922423989714,0.6311125979503711
bluff_heavy,12,50,True,0.8501057796767664,0.9323315741240438
bluff_heavy,12,100,True,0.7297621218734556,0.8115339165490838
bluff_heavy,12,200,False,0.6135162928985894,0.48181591640392346
bluff_heavy,12,400,True,0.999947282796892,0.9999926310804813
bluff_heavy,12,800,True,0.9999999999996152,0.9999999999999787
bluff_heavy,13,5,False,0.23469609724931906,0.22910882192060164
bluff_heavy,13,10,True,0.13037660313898536,0.3212510798694192
bluff_heavy,13,25,False,0.4695918426755572,0.4178405005033512
bluff_heavy,13,50,True,0.8950321541528558,0.9582551877992115
bluff_heavy,13,100,True,0.9650502688257148,0.9892676661118079
bluff_heavy,13,200,True,0.9996977806385833,0.9999503929259328
bluff_heavy,13,400,True,0.9999999940829324,0.9999999995282696
bluff_heavy,13,800,True,1.0,1.0
bluff_heavy,14,5,False,0.04914048690367967,0.16353413030452985
bluff_heavy,14,10,False,0.1655728883473463,0.3074827512976952
bluff_heavy,14,25,False,0.39683679565530594,0.33107324539640404
bluff_heavy,14,50,False,0.630008272692628,0.33889553260900246
bluff_heavy,14,100,True,0.6394798335302365,0.6579211581108145
bluff_heavy,14,200,True,0.8683741567408648,0.9367415763015092
bluff_heavy,14,400,True,0.9983622740954161,0.9996751038447648
bluff_heavy,14,800,True,0.9999999999749144,0.9999999999984042
bluff_heavy,15,5,False,0.10063730370569868,0.2521218476349103
bluff_heavy,15,10,True,0.33207791776074025,0.4387943574458947
bluff_heavy,15,25,True,0.4346375345864567,0.4705594363433066
bluff_heavy,15,50,True,0.8919929143972178,0.9589276191386518
bluff_heavy,15,100,True,0.9496018589140351,0.982319310460959
bluff_heavy,15,200,True,0.9996602303129452,0.9999435765165944
bluff_heavy,15,400,True,0.9999989368773351,0.999999887979626
bluff_heavy,15,800,True,0.9999999999999835,0.9999999999999991
bluff_heavy,16,5,False,0.2084175381822374,0.06389975401376079
bluff_heavy,16,10,True,0.25632862482133023,0.51448638018843
bluff_heavy,16,25,True,0.4373021442184739,0.4813017734639373
bluff_heavy,16,50,True,0.7094099339672058,0.8024894465553475
bluff_heavy,16,100,True,0.8349929183623475,0.9129732556789801
bluff_heavy,16,200,True,0.8761913254016267,0.9418540143257004
bluff_heavy,16,400,True,0.9990784213856408,0.9998293419155715
bluff_heavy,16,800,True,0.9999998630637906,0.99999998720375
bluff_heavy,17,5,True,0.29657377385963624,0.5043791285388862
bluff_heavy,17,10,True,0.39648770608365924,0.4976931153875531
bluff_heavy,17,25,True,0.5717669216604282,0.6867584336805025
bluff_heavy,17,50,True,0.5841709205677699,0.5267882645790352
bluff_heavy,17,100,True,0.8183467174260515,0.8999695735369789
bluff_heavy,17,200,True,0.9923545554323743,0.9981169612146962
bluff_heavy,17,400,True,0.9999303131404765,0.9999900231989273
bluff_heavy,17,800,True,0.9999999979472421,0.9999999998440272
bluff_heavy,18,5,False,0.6683147823772466,0.1808907965224357
bluff_heavy,18,10,False,0.7589408363644268,0.12073553131551772
bluff_heavy,18,25,True,0.5678804721038471,0.7311029697229546
bluff_heavy,18,50,True,0.6208820175641463,0.6179655698782155
bluff_heavy,18,100,True,0.8895575997900624,0.9502169071643529
bluff_heavy,18,200,True,0.9928886458255171,0.9982682557409177
bluff_heavy,18,400,True,0.9988318688878389,0.999777597506064
bluff_heavy,18,800,True,0.9999998719399998,0.9999999880771638
bluff_heavy,19,5,False,0.07508076330394242,0.21674610981133943
bluff_heavy,19,10,False,0.1640344578001618,0.11863684486747675
bluff_heavy,19,25,False,0.2573146868512123,0.24448369603959808
bluff_heavy,19,50,False,0.4842403598669788,0.10683964778513992
bluff_heavy,19,100,False,0.608998581311871,0.4541797103555307
bluff_heavy,19,200,True,0.9821052042166469,0.9948896208691326
bluff_heavy,19,400,True,0.9992777794325628,0.9998699086786886
bluff_heavy,19,800,True,0.9999999917519373,0.9999999993321
bluff_heavy,20,5,False,0.12242716717676572,0.2449691003637405
bluff_heavy,20,10,False,0.17995474847951143,0.1268483633326585
bluff_heavy,20,25,False,0.5458208512787406,0.4410804404699442
bluff_heavy,20,50,True,0.8118463799607016,0.9105516916845374
bluff_heavy,20,100,True,0.9638475853272843,0.9881302027762893
bluff_heavy,20,200,True,0.9999827994475594,0.9999978216817034
bluff_heavy,20,400,True,0.9999995934781223,0.9999999595881225
bluff_heavy,20,800,True,0.9999999999999999,1.0
bluff_heavy,21,5,False,0.03122213978572408,0.18079890602260654
bluff_heavy,21,10,False,0.24666217834655557,0.03673092662700487
bluff_heavy,21,25,False,0.3223596946657562,0.33825236512088375
bluff_heavy,21,50,True,0.7611744723967898,0.8518777277785052
bluff_heavy,21,100,True,0.9592272049051395,0.9861627661794614
bluff_heavy,21,200,True,0.8019682429424606,0.8859864236243362
bluff_heavy,21,400,True,0.8104278920658727,0.8932492424907817
bluff_heavy,21,800,True,0.9999977619237671,0.9999997526538152
bluff_heavy,22,5,False,0.3420679884132245,0.030042026766737638
bluff_heavy,22,10,False,0.25153585620545815,0.0519207354313358
bluff_heavy,22,25,True,0.48020236778099545,0.5953031431877961
bluff_heavy,22,50,True,0.6903238644598046,0.7625979237517412
bluff_heavy,22,100,False,0.8337099850946573,0.075958527461262
bluff_heavy,22,200,False,0.9537130026966734,0.016218820607140944
bluff_heavy,22,400,True,0.9533777357314089,0.9836343511207708
bluff_heavy,22,800,True,0.9916210495907619,0.9979053442695852
bluff_heavy,23,5,False,0.31913547279174337,0.24012795110425703
bluff_heavy,23,10,True,0.16735105076906187,0.3954468472805935
bluff_heavy,23,25,True,0.5934904042902855,0.7541680438644749
bluff_heavy,23,50,True,0.6507790718462534,0.6894415867125254
bluff_heavy,23,100,True,0.847997873124762,0.9308977182466945
bluff_heavy,23,200,True,0.9992382285352251,0.9998624273881067
bluff_heavy,23,400,True,0.9999903474073135,0.9999988194075002
bluff_heavy,23,800,True,0.9999999999996648,0.9999999999999816
bluff_heavy,24,5,True,0.023995669816783916,0.23752446224643942
bluff_heavy,24,10,True,0.2400311456410663,0.5148823709882643
bluff_heavy,24,25,True,0.646816189238592,0.8235227990520596
bluff_heavy,24,50,True,0.7659071072925412,0.8888843638004635
bluff_heavy,24,100,True,0.7097926983510738,0.7910971133929108
bluff_heavy,24,200,True,0.7749954274805227,0.8609945006336921
bluff_heavy,24,400,True,0.9997206097843321,0.9999544798670186
bluff_heavy,24,800,True,0.9999862330133251,0.9999982711647056
bluff_heavy,25,5,True,0.05920877695934934,0.22419487329100213
bluff_heavy,25,10,True,0.268244014751964,0.42377182584966405
bluff_heavy,25,25,True,0.5970183083109316,0.6913345477067848
bluff_heavy,25,50,False,0.6292601699288087,0.1771148306271742
bluff_heavy,25,100,True,0.9679385418590433,0.9899656015687197
bluff_heavy,25,200,True,0.9905961239717226,0.9976041657761017
bluff_heavy,25,400,True,0.9999905466558219,0.9999988455382808
bluff_heavy,25,800,True,0.9999999886355476,0.9999999990655641
bluff_heavy,26,5,False,0.1596621836171701,0.21150742999467934
bluff_heavy,26,10,False,0.2920993606859047,0.2907222026632247
bluff_heavy,26,25,True,0.4450730339131661,0.4775152370726105
bluff_heavy,26,50,False,0.6068030484344425,0.4187731719817406
bluff_heavy,26,100,False,0.6132600653313235,0.4897248184437501
bluff_heavy,26,200,True,0.9996437610871093,0.9999405141596356
bluff_heavy,26,400,True,0.9999999999019346,0.9999999999934315
bluff_heavy,26,800,True,0.9999999999995726,0.9999999999999762
bluff_heavy,27,5,False,0.43468919971487374,0.3796588024910495
bluff_heavy,27,10,False,0.44431187169641273,0.4453495262209072
bluff_heavy,27,25,True,0.516946874184965,0.5679634088876161
bluff_heavy,27,50,True,0.530670424096658,0.684049852678554
bluff_heavy,27,100,True,0.9446508194961826,0.9799702259586793
bluff_heavy,27,200,True,0.9902719090176298,0.9975075374422501
bluff_heavy,27,400,True,0.999999923822001,0.9999999931037586
bluff_heavy,27,800,True,0.9999999999999996,1.0
bluff_heavy,28,5,False,0.17946405867048132,0.08700117785960759
bluff_heavy,28,10,False,0.2929042120011597,0.03152772023369839
bluff_heavy,28,25,False,0.4454593889487667,0.4171820200754858
bluff_heavy,28,50,True,0.7040107580693447,0.8343710503621828
bluff_heavy,28,100,True,0.8732891034866044,0.940166141518711
bluff_heavy,28,200,True,0.9981709083159919,0.9996336732545272
bluff_heavy,28,400,True,0.9999999825322827,0.9999999985338266
bluff_heavy,28,800,True,0.9999999999999997,1.0
bluff_heavy,29,5,True,0.1030099667779637,0.3752840929757965
bluff_heavy,29,10,True,0.1220473702025704,0.36878796894450155
bluff_heavy,29,25,True,0.2707669848421903,0.43990697014504265
bluff_heavy,29,50,True,0.3929132397115189,0.4089275640240811
bluff_heavy,29,100,True,0.8721117254222759,0.9395519815421328
bluff_heavy,29,200,True,0.9650353209350766,0.9885308675452604
bluff_heavy,29,400,True,0.9995419192263005,0.9999214725662245
bluff_heavy,29,800,True,0.9999999836102298,0.9999999986281898
bluff_heavy,30,5,False,0.1858696844907406,0.0768219046646266
bluff_heavy,30,10,False,0.19826661433308024,0.061077167726858304
bluff_heavy,30,25,False,0.47453332015194283,0.15536591968223812
bluff_heavy,30,50,False,0.5997046118467381,0.4729481411036265
bluff_heavy,30,100,False,0.7152551879848011,0.20361634180285437
bluff_heavy,30,200,True,0.6350020112389949,0.6390049923299882
bluff_heavy,30,400,True,0.994194971665748,0.9986300274065875
bluff_heavy,30,800,True,0.9999999998438783,0.9999999999893499
bluff_heavy,31,5,True,0.3482136058547607,0.4376529187905671
bluff_heavy,31,10,True,0.3753599997188951,0.49050018870664464
bluff_heavy,31,25,True,0.8087444321239985,0.9141333221309502
bluff_heavy,31,50,True,0.9682134741351158,0.9898894507716341
bluff_heavy,31,100,True,0.8759210261612295,0.9417409089949109
bluff_heavy,31,200,True,0.9982149738991719,0.9996420439038909
bluff_heavy,31,400,True,0.9999283887351559,0.9999897233760192
bluff_heavy,31,800,True,0.9999999999999996,1.0
bluff_heavy,32,5,True,0.12578051268074864,0.3302874114831146
bluff_heavy,32,10,True,0.2647984145763378,0.4846696629282801
bluff_heavy,32,25,True,0.5814252171080324,0.6565849509758495
bluff_heavy,32,50,True,0.6149080138318037,0.6140415163842404
bluff_heavy,32,100,False,0.7634091083670723,0.15063825432068748
bluff_heavy,32,200,True,0.7670226700423125,0.8530173240184364
bluff_heavy,32,400,True,0.9996390433910782,0.9999396419822607
bluff_heavy,32,800,True,0.9999999996785299,0.9999999999774245
bluff_heavy,33,5,False,0.12719269927952892,0.27044197375950174
bluff_heavy,33,10,False,0.42047491350993627,0.2428503869161536
bluff_heavy,33,25,False,0.6901308967380079,0.16859436757301444
bluff_heavy,33,50,True,0.5454478105315315,0.5927173298176215
bluff_heavy,33,100,True,0.7804264914421839,0.8768848127190358
bluff_heavy,33,200,True,0.9993421399554637,0.9998909865781443
bluff_heavy,33,400,True,0.9999924961549463,0.9999990988289077
bluff_heavy,33,800,True,0.9999999999999025,0.9999999999999949
bluff_heavy,34,5,False,0.059339215590571204,0.15572254732513158
bluff_heavy,34,10,False,0.1558204443116743,0.22742776176715102
bluff_heavy,34,25,False,0.41948995252343413,0.12256226115557022
bluff_heavy,34,50,False,0.5880469076189235,0.45915035477979516
bluff_heavy,34,100,True,0.7351665339181528,0.8179734649613931
bluff_heavy,34,200,True,0.8349116837796237,0.9128906007137145
bluff_heavy,34,400,True,0.9733612509552285,0.991763646099558
bluff_heavy,34,800,True,0.9999998435890205,0.9999999852761456
bluff_heavy,35,5,False,0.26697624126680086,0.2779962391079382
bluff_heavy,35,10,False,0.2390493837398352,0.28708417670437536
bluff_heavy,35,25,False,0.5389971473723084,0.3536497136639278
bluff_heavy,35,50,True,0.8727912589275091,0.9434920758655262
bluff_heavy,35,100,True,0.942134706975361,0.978568456333817
bluff_heavy,35,200,True,0.9947250989679806,0.9987729550508744
bluff_heavy,35,400,True,0.9997852322293383,0.9999659045790312
bluff_heavy,35,800,True,0.9999999710718355,0.9999999975093457
bluff_heavy,36,5,False,0.08761126830983446,0.12907880942829983
bluff_heavy,36,10,False,0.1636050885666982,0.2543328090380394
bluff_heavy,36,25,True,0.3502693429663243,0.4485440498307153
bluff_heavy,36,50,True,0.3840797483598516,0.43429510592858556
bluff_heavy,36,100,True,0.6138976853605564,0.5565617923153984
bluff_heavy,36,200,False,0.8840367929380064,0.0531645942117327
bluff_heavy,36,400,False,0.715210119947792,0.20723859921407856
bluff_heavy,36,800,True,0.9999989878044641,0.9999998936718635
bluff_heavy,37,5,False,0.06584266176330711,0.24943629589178568
bluff_heavy,37,10,True,0.17011494577331154,0.3211931541983643
bluff_heavy,37,25,True,0.5011757828705603,0.6560957521177897
bluff_heavy,37,50,True,0.8402202311591844,0.9221745949292527
bluff_heavy,37,100,True,0.9983035264854144,0.9996621298039148
bluff_heavy,37,200,True,0.9999964795673248,0.9999995992149081
bluff_heavy,37,400,True,0.9999997670105166,0.9999999775714469
bluff_heavy,37,800,True,0.999999987752392,0.9999999989893087
bluff_heavy,38,5,False,0.1289424299931523,0.2594487664647722
bluff_heavy,38,10,False,0.25103901033137954,0.17261076148427207
bluff_heavy,38,25,True,0.4333426499324946,0.5483400469400618
bluff_heavy,38,50,True,0.8315633238499587,0.9242985655534635
bluff_heavy,38,100,True,0.9968026374684249,0.9993442252899278
bluff_heavy,38,200,True,0.9998094392787386,0.9999700950647037
bluff_heavy,38,400,True,0.9999971930322433,0.9999996850906595
bluff_heavy,38,800,True,0.9999999990477613,0.9999999999300253
bluff_heavy,39,5,False,0.12145271688335457,0.10141984343043789
bluff_heavy,39,10,False,0.2895648986080215,0.03988521405345452
bluff_heavy,39,25,False,0.44533773894697115,0.4413433587980879
bluff_heavy,39,50,False,0.6028706916550395,0.2865624919110355
bluff_heavy,39,100,True,0.6135863768984114,0.5249867079621716
bluff_heavy,39,200,True,0.9932388186538326,0.9983664961310671
bluff_heavy,39,400,True,0.999999899398715,0.9999999907558997
bluff_heavy,39,800,True,0.9999999999999917,0.9999999999999996
bluff_heavy,40,5,False,0.04647874798826335,0.19226447982723502
bluff_heavy,40,10,False,0.07466972492097013,0.22734117634383003
bluff_heavy,40,25,False,0.4406326482209241,0.35232697983623223
bluff_heavy,40,50,False,0.6460457226063738,0.29017624329541053
bluff_heavy,40,100,True,0.6483061978048947,0.6914187139733374
bluff_heavy,40,200,True,0.9897347359264604,0.9974193619359009
bluff_heavy,40,400,True,0.9999440057760713,0.9999921351926442
bluff_heavy,40,800,True,0.9999999999000623,0.9999999999933007
bluff_heavy,41,5,False,0.3313041932441677,0.044025983302571785
bluff_heavy,41,10,False,0.16803480590242703,0.16463964830401098
bluff_heavy,41,25,False,0.4698038395030065,0.2642487613213038
bluff_heavy,41,50,False,0.7193377208460052,0.13584029736600897
bluff_heavy,41,100,True,0.6297295477090525,0.622000734883863
bluff_heavy,41,200,True,0.965920876422558,0.9888856572849742
bluff_heavy,41,400,True,0.999822449463318,0.9999723245581729
bluff_heavy,41,800,True,0.99999999840292,0.9999999998799842
bluff_heavy,42,5,False,0.02811319699904169,0.21635898424384978
bluff_heavy,42,10,False,0.08462128145161008,0.1830414975439852
bluff_heavy,42,25,False,0.5089419612175214,0.20748708586963638
bluff_heavy,42,50,False,0.6604146419534678,0.22317092629792704
bluff_heavy,42,100,True,0.7424680968697295,0.8322557143962734
bluff_heavy,42,200,True,0.9988874875091381,0.9997895491902137
bluff_heavy,42,400,True,0.9999991858478071,0.9999999156198625
bluff_heavy,42,800,True,0.999999999999714,0.9999999999999845
bluff_heavy,43,5,True,0.2275197843876846,0.46333784797730804
bluff_heavy,43,10,True,0.38263078809055706,0.4949692172152649
bluff_heavy,43,25,True,0.47477272715737573,0.611333317782495
bluff_heavy,43,50,True,0.6011533124857005,0.4986001148094849
bluff_heavy,43,100,False,0.6611349985431689,0.29483990302286
bluff_heavy,43,200,True,0.9908338784364525,0.9977751156500732
bluff_heavy,43,400,True,0.999037913599214,0.9998209525841252
bluff_heavy,43,800,True,0.9999999999999686,0.9999999999999984
bluff_heavy,44,5,False,0.09562870623157393,0.19473803777770735
bluff_heavy,44,10,False,0.14069639005096124,0.11309618000979221
bluff_heavy,44,25,True,0.6416096899613539,0.7689329971724406
bluff_heavy,44,50,True,0.8559955706562714,0.9315076641660515
bluff_heavy,44,100,True,0.6193311283570926,0.574351325487117
bluff_heavy,44,200,True,0.9687049781412485,0.9899844119390194
bluff_heavy,44,400,True,0.9994003106361092,0.9998941764335432
bluff_heavy,44,800,True,0.9999985754122592,0.9999998470945691
bluff_heavy,45,5,False,0.029846756867344615,0.1812215364177401
bluff_heavy,45,10,False,0.13379966503398943,0.20342245461666197
bluff_heavy,45,25,False,0.2712019402807463,0.10913612084547139
bluff_heavy,45,50,True,0.7823153593503369,0.8837081587728777
bluff_heavy,45,100,True,0.9397912023278298,0.9780967635900317
bluff_heavy,45,200,True,0.9994879204139172,0.9999111681451656
bluff_heavy,45,400,True,0.9999998577406837,0.9999999866783673
bluff_heavy,45,800,True,0.9999999999880318,0.9999999999992588
bluff_heavy,46,5,False,0.33740013237585986,0.2534611452155915
bluff_heavy,46,10,False,0.26928869670078726,0.32433662786514983
bluff_heavy,46,25,True,0.4744928888846225,0.5539157081786625
bluff_heavy,46,50,True,0.5517670184189156,0.6728186422101227
bluff_heavy,46,100,True,0.8062938261976454,0.8930602535235328
bluff_heavy,46,200,True,0.9596846484592944,0.9863346892929387
bluff_heavy,46,400,True,0.9985885636239556,0.9997250806287333
bluff_heavy,46,800,True,0.9999999932989089,0.9999999994626503
bluff_heavy,47,5,False,0.31761654610125134,0.33279702045949766
bluff_heavy,47,10,False,0.3354749809629589,0.31308864355200977
bluff_heavy,47,25,True,0.5298812477620352,0.5033655931756001
bluff_heavy,47,50,True,0.7903007259016334,0.876673317198269
bluff_heavy,47,100,True,0.8899119733288169,0.9504297743970873
bluff_heavy,47,200,True,0.9998715193086495,0.9999805713326051
bluff_heavy,47,400,True,0.9999999743192249,0.9999999978023126
bluff_heavy,47,800,True,0.9999999999999695,0.9999999999999984
bluff_heavy,48,5,False,0.031519708750953446,0.19150211235225884
bluff_heavy,48,10,False,0.10529410084729196,0.12739417114337054
bluff_heavy,48,25,True,0.5923834596502188,0.7350174814110606
bluff_heavy,48,50,True,0.6454226077832941,0.7397620923631893
bluff_heavy,48,100,True,0.9040764523899153,0.9592470810582621
bluff_heavy,48,200,True,0.9871900784670368,0.9965590844387232
bluff_heavy,48,400,True,0.9996740830238469,0.999946067786565
bluff_heavy,48,800,True,0.9999999914984066,0.9999999993105819
bluff_heavy,49,5,True,0.022566906031231015,0.2205424335111379
bluff_heavy,49,10,False,0.1739835878047692,0.10877947229531501
bluff_heavy,49,25,True,0.7461502707742192,0.8759047793545293
bluff_heavy,49,50,True,0.9061192008837974,0.9622024122627586
bluff_heavy,49,100,True,0.9827927502971975,0.9951881305647131
bluff_heavy,49,200,True,0.9971973005762591,0.9994039356721933
bluff_heavy,49,400,True,0.9998693780180483,0.9999802172883991
bluff_heavy,49,800,True,0.9999999998324807,0.9999999999885403
passive,0,5,False,0.21448206981811646,0.008893964639949617
passive,0,10,False,0.12207882808975057,0.10554479917965309
passive,0,25,True,0.45229812122489566,0.47279390521150294
passive,0,50,True,0.9762509147577357,0.9928988337212953
passive,0,100,True,0.9998899181939456,0.9999840074687236
passive,0,200,True,0.9999999400182205,0.9999999947419569
passive,0,400,True,1.0,1.0
passive,0,800,True,1.0,1.0
passive,1,5,True,0.2159445330074372,0.3913695309461145
passive,1,10,True,0.28938021600022623,0.44219769167949347
passive,1,25,True,0.8472397574476709,0.9384929639204094
passive,1,50,True,0.9309387745510419,0.9756059321915063
passive,1,100,True,0.999906538956594,0.9999865834481281
passive,1,200,True,0.9999951285398655,0.999999433320184
passive,1,400,True,0.9999999900464663,0.9999999991867672
passive,1,800,True,1.0,1.0
passive,2,5,True,0.4123919984697444,0.6451595295294532
passive,2,10,True,0.6206687416293826,0.7577297916756226
passive,2,25,True,0.6581629350941035,0.8094600360042441
passive,2,50,True,0.8691887302341978,0.9473172259216737
passive,2,100,True,0.9992719371553774,0.999874911137471
passive,2,200,True,0.9999952554805657,0.9999994663256805
passive,2,400,True,0.9999999965045381,0.9999999997280353
passive,2,800,True,1.0,1.0
passive,3,5,True,0.3384333424631236,0.5065024601077223
passive,3,10,True,0.7677965453425251,0.8945881927373228
passive,3,25,True,0.8944102296516351,0.9555674739151694
passive,3,50,True,0.998430637019177,0.999710655999267
passive,3,100,True,0.9999714501833739,0.9999962890252401
passive,3,200,True,0.9999990915835667,0.9999999089787487
passive,3,400,True,0.9999999999999498,0.9999999999999973
passive,3,800,True,1.0,1.0
passive,4,5,True,0.407219933744824,0.6239172194306832
passive,4,10,True,0.4711551684750116,0.6743059792981834
passive,4,25,True,0.8793303499972667,0.9536608027870901
passive,4,50,True,0.8766523190861595,0.9495197359696624
passive,4,100,True,0.8210269356223515,0.9125625141638093
passive,4,200,True,0.9999936620161051,0.9999992492433828
passive,4,400,True,0.9999999999996629,0.9999999999999818
passive,4,800,True,1.0,1.0
passive,5,5,False,0.03649798785942715,0.16161850335744182
passive,5,10,False,0.16434457733724706,0.2656303639330958
passive,5,25,False,0.4006449241047102,0.15952488871135456
passive,5,50,False,0.4385492532130537,0.16213004801110026
passive,5,100,True,0.9700791241743104,0.9916290990860499
passive,5,200,True,0.9997844556221603,0.9999679238497815
passive,5,400,True,0.9999999999918142,0.9999999999994997
passive,5,800,True,1.0,1.0
passive,6,5,False,0.18185711542683958,0.25076980286254014
passive,6,10,False,0.4296552895205006,0.40510442076424386
passive,6,25,True,0.6224806218675718,0.7903306084396237
passive,6,50,True,0.9490263373735659,0.9830170861633306
passive,6,100,True,0.9997768321657319,0.9999662634741431
passive,6,200,True,0.9999997721069684,0.9999999780896565
passive,6,400,True,0.9999999999997532,0.9999999999999867
passive,6,800,True,1.0,1.0
passive,7,5,True,0.21270895629750508,0.3765006855194454
passive,7,10,True,0.5145165787870997,0.6956690730066014
passive,7,25,True,0.33398413728347587,0.37024799031026656
passive,7,50,True,0.49007964342949484,0.6334777178417751
passive,7,100,True,0.664567171148567,0.7649297985890716
passive,7,200,True,0.977820300916835,0.9934672447245333
passive,7,400,True,0.9999999999677741,0.9999999999979439
passive,7,800,True,1.0,1.0
passive,8,5,False,0.25005803234603174,0.3488688265058233
passive,8,10,False,0.23503659079398653,0.1608119424045326
passive,8,25,False,0.5723505901668069,0.4031516865223934
passive,8,50,True,0.8546704032529018,0.9423057727794338
passive,8,100,True,0.9705564614175674,0.991828694849022
passive,8,200,True,0.9999998115003002,0.9999999826929155
passive,8,400,True,0.999999999999301,0.9999999999999616
passive,8,800,True,1.0,1.0
passive,9,5,False,0.047136207921593454,0.06868739236263574
passive,9,10,False,0.21487094208076174,0.34253301350960863
passive,9,25,True,0.8738599535958991,0.9453173355333544
passive,9,50,True,0.9176965046099714,0.9674037196880695
passive,9,100,True,0.9999221835990717,0.999989358164598
passive,9,200,True,0.9999999955691732,0.999999999662178
passive,9,400,True,1.0,1.0
passive,9,800,True,1.0,1.0
passive,10,5,True,0.3922516180273766,0.5830913631435368
passive,10,10,True,0.643320668657015,0.7938192157302643
passive,10,25,True,0.7934069715396643,0.8811078121085374
passive,10,50,True,0.6693188806232633,0.7221634019329449
passive,10,100,True,0.8518696364940962,0.9254155744125988
passive,10,200,True,0.9999713933702956,0.9999963817092866
passive,10,400,True,0.999999999999928,0.9999999999999962
passive,10,800,True,1.0,1.0
passive,11,5,True,0.5310524646138749,0.7381403132816746
passive,11,10,True,0.5701589592663066,0.7289381103162514
passive,11,25,True,0.9477348353972679,0.9836211860672514
passive,11,50,True,0.9994378113904063,0.9999076722903165
passive,11,100,True,0.9999805231183979,0.9999976153657818
passive,11,200,True,0.9999998299602394,0.9999999844789269
passive,11,400,True,0.9999999999981966,0.9999999999998956
passive,11,800,True,1.0,1.0
passive,12,5,True,0.24085934434624423,0.4603943098352768
passive,12,10,True,0.669515645474636,0.8297905033692016
passive,12,25,True,0.570086610941752,0.5550823655235397
passive,12,50,True,0.611423248228297,0.5585181399646928
passive,12,100,False,0.6146950638262922,0.4507993278709946
passive,12,200,True,0.9999979219232787,0.9999997719938685
passive,12,400,True,0.9999995586116229,0.9999999559089365
passive,12,800,True,1.0,1.0
passive,13,5,True,0.08917162707065507,0.2546685601961454
passive,13,10,False,0.22974810603050444,0.29750164886071934
passive,13,25,True,0.793494437845491,0.9054441620946698
passive,13,50,True,0.9359242425363101,0.9779890710445653
passive,13,100,True,0.8221608027623155,0.9063528517672285
passive,13,200,True,0.7769619723660213,0.8630758575108936
passive,13,400,True,0.9999999779427136,0.9999999981288346
passive,13,800,True,1.0,1.0
passive,14,5,False,0.14480409467612987,0.2592068285133314
passive,14,10,False,0.5174240257395951,0.08017408524325423
passive,14,25,False,0.5433323271460297,0.07624146809084387
passive,14,50,True,0.808685498882139,0.9170429668739302
passive,14,100,True,0.8122617511999557,0.899709634899024
passive,14,200,True,0.9983580781907513,0.9996743882879199
passive,14,400,True,0.9999996964449187,0.9999999703326825
passive,14,800,True,1.0,1.0
passive,15,5,True,0.1503581309752674,0.3368530238778769
passive,15,10,True,0.3507467075194797,0.5482841244946003
passive,15,25,True,0.7194835288867306,0.841958338212905
passive,15,50,True,0.6304539900217282,0.6667427546053675
passive,15,100,True,0.9533201322536784,0.9845465753684796
passive,15,200,True,0.9999868575146842,0.9999984301705825
passive,15,400,True,0.9999999999765863,0.9999999999985509
passive,15,800,True,1.0,1.0
passive,16,5,False,0.0792692842227739,0.21490977085202123
passive,16,10,False,0.12133666487639416,0.11076320716810475
passive,16,25,False,0.25828337570992643,0.10056635899717412
passive,16,50,True,0.5793734500400167,0.6316076449723158
passive,16,100,True,0.9803433873459567,0.9949512128683999
passive,16,200,True,0.9999666417062419,0.9999957299990756
passive,16,400,True,0.9999999972511916,0.9999999997885811
passive,16,800,True,1.0,1.0
passive,17,5,True,0.37489161004163063,0.6079182089752492
passive,17,10,True,0.619946848384485,0.7985916770918905
passive,17,25,True,0.6596501053620343,0.7263642924857014
passive,17,50,True,0.9723335800293492,0.9914852467869378
passive,17,100,True,0.9999320855389082,0.9999903206732096
passive,17,200,True,0.999988624018974,0.9999985916630622
passive,17,400,True,0.9999999999994874,0.9999999999999716
passive,17,800,True,1.0,1.0
passive,18,5,True,0.17401114879213553,0.33852002489866406
passive,18,10,False,0.29040369108462705,0.3139915932451534
passive,18,25,False,0.7425734839376861,0.16136836323741313
passive,18,50,True,0.8297301279844164,0.9102793625096363
passive,18,100,True,0.9984901486955469,0.9997078961712674
passive,18,200,True,0.9999999657564925,0.9999999970790454
passive,18,400,True,0.9999999999999998,1.0
passive,18,800,True,1.0,1.0
passive,19,5,True,0.28793548812399106,0.5109875498502033
passive,19,10,True,0.20893283274693475,0.3717685282138968
passive,19,25,True,0.21986786528488744,0.3448103720660406
passive,19,50,True,0.7475184789789375,0.8584309772816622
passive,19,100,True,0.9460532884975902,0.9812252283734565
passive,19,200,True,0.9998614859553958,0.9999789692963299
passive,19,400,True,0.999999999999151,0.999999999999952
passive,19,800,True,1.0,1.0
passive,20,5,False,0.041525662686790255,0.16364945367987516
passive,20,10,False,0.13497212501104305,0.22161269937587458
passive,20,25,True,0.3401652030341644,0.4028893583740495
passive,20,50,True,0.9860840495492157,0.9965531265112991
passive,20,100,True,0.9969685351396742,0.9993513562303132
passive,20,200,True,0.9999998470968346,0.9999999860632345
passive,20,400,True,0.9999999999928288,0.9999999999995675
passive,20,800,True,1.0,1.0
passive,21,5,True,0.7419592840628795,0.878925157094824
passive,21,10,True,0.7671931753313793,0.894490326531921
passive,21,25,True,0.8254921278501786,0.9266284565682597
passive,21,50,True,0.7874977545183662,0.8810876409202595
passive,21,100,True,0.9909907545266415,0.9977775550798976
passive,21,200,True,0.9999996398337868,0.9999999644524354
passive,21,400,True,0.9999999999999964,0.9999999999999998
passive,21,800,True,1.0,1.0
passive,22,5,False,0.06961786700698591,0.2283779255795331
passive,22,10,False,0.2162874709632856,0.11976977694727063
passive,22,25,False,0.5374449131057444,0.4001895192512033
passive,22,50,True,0.670235284200142,0.7479680626075338
passive,22,100,True,0.8761684385061023,0.9419005984888238
passive,22,200,True,0.99079020575805,0.997662447569195
passive,22,400,True,0.9999997880924254,0.999999979710122
passive,22,800,True,1.0,1.0
passive,23,5,True,0.2769270393615424,0.5155177374667606
passive,23,10,True,0.6509275482909656,0.817659767802996
passive,23,25,True,0.73722511163378,0.8679472870730406
passive,23,50,True,0.975853504154335,0.9935250772727718
passive,23,100,True,0.9728278878506685,0.9920797372564423
passive,23,200,True,0.9999955401664045,0.9999994839568335
passive,23,400,True,0.9999999999999993,1.0
passive,23,800,True,1.0,1.0
passive,24,5,True,0.4121100512869771,0.4919016166401461
passive,24,10,False,0.5859040013584671,0.31901628975147184
passive,24,25,True,0.49632003720542883,0.6307023082789287
passive,24,50,True,0.6667527178897888,0.8156774219809514
passive,24,100,True,0.9952632233154538,0.999014856058535
passive,24,200,True,0.9999998895597249,0.9999999898492676
passive,24,400,True,0.9999999999999847,0.9999999999999993
passive,24,800,True,1.0,1.0
passive,25,5,False,0.03641200978563319,0.13516339101460986
passive,25,10,False,0.19325028404485367,0.2977280254927763
passive,25,25,False,0.32996383453951283,0.09315875894151342
passive,25,50,False,0.8576414702841606,0.041101956708477015
passive,25,100,False,0.6067540187283142,0.3671913392435838
passive,25,200,True,0.9999821350705066,0.9999978141004917
passive,25,400,True,0.9999999999998593,0.9999999999999925
passive,25,800,True,1.0,1.0
passive,26,5,False,0.15512996961592607,0.219920551482947
passive,26,10,False,0.2577081533663599,0.23132360011492947
passive,26,25,False,0.516105441219369,0.3920405533452106
passive,26,50,True,0.8764810872899214,0.9487388623052894
passive,26,100,True,0.9747337034332265,0.9923197588147575
passive,26,200,True,0.9999455799605098,0.999992380171955
passive,26,400,True,0.9999999999066645,0.9999999999937599
passive,26,800,True,1.0,1.0
passive,27,5,False,0.05364048948018463,0.21384783979772945
passive,27,10,True,0.4461367578405133,0.6326949186768384
passive,27,25,True,0.565727361593783,0.7278882715309423
passive,27,50,True,0.9277748390841793,0.9734602163954548
passive,27,100,True,0.9705643913654087,0.9908605836462696
passive,27,200,True,0.9991759307225684,0.9998584111012697
passive,27,400,True,0.9999999999324521,0.99999999999554
passive,27,800,True,1.0,1.0
passive,28,5,False,0.06212236066190424,0.07552891035097127
passive,28,10,True,0.3253926258921934,0.4546061583083845
passive,28,25,True,0.8249915730712583,0.924103608800002
passive,28,50,True,0.8423088237119374,0.9235006732052479
passive,28,100,True,0.9656359766945313,0.9896756717633595
passive,28,200,True,0.9998435307833878,0.9999766488098553
passive,28,400,True,0.9999999999472164,0.9999999999965481
passive,28,800,True,1.0,1.0
passive,29,5,False,0.06855041719900479,0.17431514859362554
passive,29,10,False,0.16042532423065115,0.1432476560036888
passive,29,25,False,0.14241197454183097,0.19596146590733626
passive,29,50,True,0.7954930202068549,0.8925786486539675
passive,29,100,True,0.9874410125015621,0.9966654975587703
passive,29,200,True,0.9999999464321531,0.999999995247361
passive,29,400,True,1.0,1.0
passive,29,800,True,1.0,1.0
passive,30,5,False,0.20285301945071343,0.2291427999235402
passive,30,10,False,0.3496066325480569,0.28750862814279077
passive,30,25,False,0.632069219135899,0.2467262549478844
passive,30,50,True,0.8580649770652513,0.9304111344329153
passive,30,100,True,0.9990089224517424,0.9998152293748197
passive,30,200,True,0.999999729258621,0.9999999739206058
passive,30,400,True,0.9999999999999982,1.0
passive,30,800,True,1.0,1.0
passive,31,5,True,0.38638117830139873,0.544093557878679
passive,31,10,True,0.5367303640849282,0.7056865544572539
passive,31,25,True,0.7333527022434785,0.8540384410472571
passive,31,50,True,0.8588668677683025,0.9393192434961262
passive,31,100,True,0.9999580546590734,0.9999943390741045
passive,31,200,True,0.9999999969182697,0.9999999997681079
passive,31,400,True,1.0,1.0
passive,31,800,True,1.0,1.0
passive,32,5,True,0.29509496664656176,0.48623418302312005
passive,32,10,True,0.3385017375140035,0.5062379223041491
passive,32,25,False,0.5922380643170055,0.4556180697888338
passive,32,50,True,0.6238366586528283,0.7552270610147481
passive,32,100,True,0.9732210596297752,0.992738098659506
passive,32,200,True,0.9999976683936544,0.9999997527550138
passive,32,400,True,0.9999999999958342,0.9999999999997544
passive,32,800,True,1.0,1.0
passive,33,5,False,0.056279426091208284,0.18038176289822333
passive,33,10,True,0.16198846224417796,0.33226245055677434
passive,33,25,True,0.6742427702407883,0.8158825531753554
passive,33,50,True,0.9687612525210406,0.9904405120115943
passive,33,100,True,0.9998096476759237,0.9999714121239818
passive,33,200,True,0.9999981233544499,0.9999997965044384
passive,33,400,True,0.9999999999615276,0.9999999999975135
passive,33,800,True,1.0,1.0
passive,34,5,False,0.1475504720595936,0.036507782540882654
passive,34,10,False,0.1790923163690904,0.0432729632166854
passive,34,25,True,0.5240789997926034,0.6802600996073572
passive,34,50,True,0.8344260236352232,0.9292404986618451
passive,34,100,True,0.9994597166703905,0.9999120494284872
passive,34,200,True,0.9999999045107211,0.9999999915389738
passive,34,400,True,1.0,1.0
passive,34,800,True,1.0,1.0
passive,35,5,False,0.2878825879706064,0.06411741269363336
passive,35,10,False,0.45272827970341933,0.048907941771370145
passive,35,25,False,0.25391032258977453,0.05743681650067235
passive,35,50,True,0.5574143261346449,0.7653673216483099
passive,35,100,True,0.999445947283745,0.9999091138191915
passive,35,200,True,0.9999999942960363,0.9999999995538416
passive,35,400,True,0.9999999999999839,0.9999999999999991
passive,35,800,True,1.0,1.0
passive,36,5,True,0.17993259821873986,0.356244499355725
passive,36,10,True,0.27235242568518625,0.4389672975045861
passive,36,25,True,0.8462665851300116,0.9378493035642932
passive,36,50,True,0.5937887044955487,0.737397952365127
passive,36,100,True,0.9792269362849794,0.9942400181494768
passive,36,200,True,0.995438259171977,0.9989613409505169
passive,36,400,True,0.9999996599632835,0.9999999665481412
passive,36,800,True,1.0,1.0
passive,37,5,False,0.1387651893200701,0.23037691633868307
passive,37,10,False,0.18305654621829115,0.19868080261896298
passive,37,25,True,0.49746600582681677,0.5115761329785031
passive,37,50,False,0.6013069879099449,0.34046406838297255
passive,37,100,True,0.6163257649589864,0.5555115531194019
passive,37,200,True,0.9974498393337898,0.9994654645880047
passive,37,400,True,0.9999999999712705,0.9999999999981641
passive,37,800,True,1.0,1.0
passive,38,5,False,0.20475347931047638,0.05839949856662429
passive,38,10,False,0.5600834036587157,0.11340493663165573
passive,38,25,True,0.5574550987231922,0.4993177400057069
passive,38,50,True,0.6373245231554389,0.6471803107517651
passive,38,100,True,0.9816084532164328,0.9947229679096585
passive,38,200,True,0.9999999495195072,0.9999999955764813
passive,38,400,True,0.9999999999999936,0.9999999999999998
passive,38,800,True,1.0,1.0
passive,39,5,False,0.06450342244768748,0.16604613266329882
passive,39,10,False,0.1403856376298469,0.19653653231837678
passive,39,25,True,0.342606138424251,0.395140864626002
passive,39,50,True,0.41529573912692974,0.495797108606425
passive,39,100,True,0.9852771214559619,0.9960770658512321
passive,39,200,True,0.999997670427514,0.9999997462310077
passive,39,400,True,0.9999999989572024,0.9999999999230722
passive,39,800,True,1.0,1.0
passive,40,5,True,0.33205698899754466,0.5532230045818317
passive,40,10,True,0.2686214903220402,0.4230079893409107
passive,40,25,True,0.6828264730288033,0.8089257002957235
passive,40,50,True,0.8107991424954779,0.8959429874616842
passive,40,100,True,0.9999391247012773,0.9999918638347838
passive,40,200,True,0.9999798499484093,0.9999973953909015
passive,40,400,True,0.9999999999991023,0.9999999999999492
passive,40,800,True,1.0,1.0
passive,41,5,False,0.05399329361330096,0.15245956696509583
passive,41,10,True,0.2789784239233559,0.46653518539039013
passive,41,25,True,0.3538491844318332,0.5531814651147791
passive,41,50,False,0.652382366596729,0.22656072380564826
passive,41,100,True,0.9947767302435664,0.9988552360832818
passive,41,200,True,0.9994105204922303,0.9999006946057603
passive,41,400,True,0.9999999999999614,0.999999999999998
passive,41,800,True,1.0,1.0
passive,42,5,False,0.25295573864234533,0.33589344245389063
passive,42,10,False,0.30685377990102536,0.364162029155302
passive,42,25,False,0.46825677870841054,0.4092581457984309
passive,42,50,True,0.5649552697357865,0.6918337777667874
passive,42,100,True,0.9854328936003296,0.9962863985256767
passive,42,200,True,0.9999174326978738,0.9999882378435645
passive,42,400,True,0.9999999990869567,0.9999999999330278
passive,42,800,True,1.0,1.0
passive,43,5,False,0.15147164593146023,0.17993574379295826
passive,43,10,False,0.3836514053438421,0.33139677184315675
passive,43,25,False,0.5946821474584711,0.12446881412688636
passive,43,50,True,0.6373599622210955,0.6947201376459616
passive,43,100,True,0.9970348026902351,0.999413334194323
passive,43,200,True,0.999997082783312,0.9999996721975324
passive,43,400,True,0.9999999999932184,0.9999999999995883
passive,43,800,True,1.0,1.0
passive,44,5,True,0.398114918679739,0.5502692014983767
passive,44,10,True,0.45470342861166513,0.5533042448761545
passive,44,25,True,0.6697266138674818,0.8028225054558799
passive,44,50,True,0.7465545771188271,0.8402518419361312
passive,44,100,True,0.9780352744401352,0.9934986819504634
passive,44,200,True,0.9999851617016385,0.9999981271562174
passive,44,400,True,0.9999999998564368,0.9999999999902407
passive,44,800,True,1.0,1.0
passive,45,5,True,0.2697252137148376,0.4387921488751762
passive,45,10,True,0.4016731137102688,0.49545135354061887
passive,45,25,True,0.573338582535169,0.7028380178181145
passive,45,50,True,0.749365319155685,0.8743170041327514
passive,45,100,True,0.999935077718751,0.9999909084982723
passive,45,200,True,0.9999999979789296,0.9999999998482216
passive,45,400,True,0.9999999999999966,0.9999999999999998
passive,45,800,True,1.0,1.0
passive,46,5,False,0.37103575323305216,0.1953696983928982
passive,46,10,False,0.5127200958840284,0.28128636373988314
passive,46,25,True,0.4463516201665705,0.4842065528824423
passive,46,50,True,0.8726406055584685,0.9504489242543864
passive,46,100,True,0.9955293849252852,0.9989918808325402
passive,46,200,True,0.9999558528453083,0.9999939512183608
passive,46,400,True,0.9999999999918411,0.9999999999995015
passive,46,800,True,1.0,1.0
passive,47,5,False,0.20127858343920413,0.3071040774747874
passive,47,10,False,0.21323137586789764,0.22262284812944452
passive,47,25,True,0.4690712367679202,0.6214397057886604
passive,47,50,True,0.8168604741802338,0.9138861798689443
passive,47,100,True,0.9991542920576918,0.9998523319733674
passive,47,200,True,0.9999998282186545,0.9999999841745022
passive,47,400,True,0.9999999999999973,0.9999999999999998
passive,47,800,True,1.0,1.0
passive,48,5,True,0.1594328936514161,0.35568198282213914
passive,48,10,True,0.18020513816788908,0.3832906809581286
passive,48,25,True,0.3877515344300547,0.6083737986126776
passive,48,50,True,0.9889170335590833,0.9973749335924063
passive,48,100,True,0.9999905446397543,0.9999988854456118
passive,48,200,True,0.9999999999895886,0.9999999999993592
passive,48,400,True,0.9999999999999999,1.0
passive,48,800,True,1.0,1.0
passive,49,5,True,0.1630783325845132,0.36864621675115206
passive,49,10,False,0.24061355865744383,0.3318106900713061
passive,49,25,True,0.5893296645140931,0.7420935464213995
passive,49,50,True,0.9622650552845757,0.9882383923460533
passive,49,100,True,0.9999393383597682,0.9999914338473973
passive,49,200,True,0.9999999931068703,0.9999999994465207
passive,49,400,True,1.0,1.0
passive,49,800,True,1.0,1.0
